id,Rosas,Claveles,Macetas,Tierra,Girasoles,Hortensia,Globos,Tarjetas,fOrquídias,Carmesí,Lirios,Aurora,Tulipanes,Listón
Blake Farrell,0,0,1,0,1,1,1,0,1,1,0,1,1,1
Guendolen Hundey,0,0,0,0,1,0,0,1,1,0,0,1,1,0
Georgiana Turmell,0,1,0,0,1,1,0,1,0,1,0,1,0,0
Giorgi McCullen,1,0,0,1,1,1,0,1,1,0,0,1,1,0
Ole Broadbere,1,0,0,0,0,0,1,1,1,1,0,1,0,0
Leroi Timny,1,1,1,0,1,1,0,1,1,1,0,0,1,0
Karlene Meller,0,1,1,1,0,1,1,1,1,1,0,1,1,1
Raquela Oda,1,1,0,0,1,0,1,1,0,1,1,1,0,0
Merci Ruppelin,0,0,1,1,0,0,0,0,1,1,1,1,1,0
Jacky Druitt,0,1,0,0,1,0,0,1,0,1,1,0,0,0
Sarena Pettwood,0,0,1,1,0,1,1,0,1,0,1,0,0,0
Davita Whetnell,0,0,0,0,0,0,0,1,1,1,0,0,1,0
Faythe McKomb,1,1,1,0,0,0,0,0,0,1,1,1,0,1
Cleopatra Bourton,0,0,1,1,1,0,1,0,1,0,0,1,1,0
Heda Camm,0,0,0,1,1,0,1,0,1,1,0,1,0,0
Zita Pacey,0,0,1,0,1,0,0,1,1,1,1,1,0,0
Sky Mannie,0,1,0,0,1,0,0,0,1,0,1,0,0,0
Alexi Gulliver,1,1,1,0,0,0,1,0,1,1,1,0,0,1
Pearline Jirsa,0,1,1,0,0,0,0,1,1,1,0,1,0,1
Chas Kubis,1,0,1,1,1,1,1,1,0,1,0,0,1,0
Karalynn Brownhill,1,1,1,1,0,0,0,0,0,1,1,0,0,0
Nicolis Illing,0,1,1,0,0,1,1,0,0,1,1,1,0,0
Spenser Jeffs,0,1,0,0,1,1,0,1,1,0,0,0,0,1
Barbabra MacCumeskey,1,1,1,0,1,1,0,0,0,0,0,1,0,0
Edita Tremblet,1,0,1,1,1,0,1,0,0,0,1,0,1,0
Stan Girauld,0,0,0,1,0,0,1,0,1,1,1,0,1,0
Rand Gabbitis,1,1,1,0,1,0,0,1,1,0,1,1,1,0
Karen Dew,0,0,1,0,1,0,0,0,0,0,0,0,0,0
Putnem Nawton,1,1,0,0,0,1,0,0,0,0,1,0,0,1
Christin Ferneley,0,1,1,1,0,0,0,0,1,1,1,0,1,0
Nicola Camillo,0,0,0,1,0,1,0,1,1,0,1,1,1,1
Emmalynn Greatbanks,1,0,0,0,0,1,1,1,1,1,0,0,0,1
Issi LeEstut,0,1,0,0,0,0,1,1,1,0,1,1,1,0
Garvin Cota,1,0,0,1,0,0,0,1,1,1,1,1,1,1
Tomaso Di Domenico,0,0,1,0,0,0,1,0,1,0,1,0,1,0
Jessey Hallahan,0,0,0,0,1,0,0,0,1,1,1,1,0,1
Obidiah Currum,1,0,1,0,0,0,0,0,0,0,0,0,1,0
Sydelle Demcak,1,0,1,0,0,1,0,1,0,1,1,1,0,0
Vida Lampett,1,1,1,0,1,0,1,1,1,0,1,0,0,1
Hallie Filasov,0,0,1,0,0,1,0,0,0,0,1,1,1,0
Lyndsay Braffington,0,1,0,0,0,0,0,1,1,1,1,1,1,0
Bianka Fairpo,1,0,0,1,1,1,0,0,0,1,0,1,1,0
Tina Skill,0,1,1,0,0,1,1,1,1,0,1,0,1,0
Kyrstin Paolini,1,0,0,1,1,0,0,0,0,1,0,0,0,1
Saxe L'Hommee,0,1,1,0,1,0,1,1,0,0,0,1,0,0
Robena Wong,0,1,0,0,1,1,0,1,1,0,1,1,0,0
Consuelo Bloomfield,0,1,0,1,0,0,0,1,1,1,1,1,0,0
Keefe Cummings,0,0,0,1,0,0,0,0,0,1,1,1,1,0
Wrennie Bridges,0,0,1,1,0,1,0,0,0,0,1,1,1,0
Addy Sedworth,0,1,0,0,1,1,0,1,1,0,1,1,1,0
Clevey Cattermull,1,0,1,1,0,0,0,1,1,0,1,0,1,0
Cele Surfleet,0,0,0,1,1,0,0,0,1,0,0,1,0,0
Kristy Frontczak,0,0,0,1,0,0,1,0,1,1,1,1,0,0
Dorice Vogeler,0,1,0,1,1,1,0,1,0,1,1,0,1,0
Cassie Skeene,0,0,1,1,0,1,0,1,1,0,0,0,0,0
Christoffer Jiras,0,1,0,0,1,0,0,0,0,1,1,0,1,0
Granville Seville,0,1,1,0,0,1,0,0,0,1,0,1,0,0
Gloriana Gerred,0,0,1,0,1,0,1,1,0,1,0,0,0,0
Oralie Fridlington,1,1,1,1,1,0,0,1,1,1,1,1,1,1
Lianna Yannoni,1,0,1,1,0,1,0,1,0,0,1,1,0,1
Michelle Cassella,0,0,0,0,0,0,0,0,0,0,1,0,1,0
Neville Shakesby,0,0,1,0,0,0,0,1,0,1,0,1,1,0
Emmalynne Eefting,1,1,0,0,0,1,0,0,0,1,1,0,0,0
Gil Patching,0,0,0,0,0,1,1,0,1,1,0,1,1,1
Wilie Bernat,1,0,1,1,0,1,1,1,0,0,1,1,1,0
Berne Heenan,1,1,1,0,1,0,0,0,1,0,0,0,0,0
Markos Cumine,0,1,0,1,0,1,0,0,0,1,1,1,0,0
Raleigh Hebner,0,0,1,0,1,0,1,0,0,1,1,1,0,0
Letitia Durn,0,0,1,0,0,1,1,1,0,0,1,1,1,0
Mariya Barney,0,0,0,0,1,1,0,0,0,0,1,0,1,0
Denny Davidsohn,0,0,1,0,1,0,0,1,0,1,1,0,1,1
Sybila Scolts,0,1,0,1,1,1,1,1,1,0,1,1,0,1
Marie-jeanne Dinley,0,0,0,0,0,1,1,0,1,1,1,0,0,0
Morry Crumb,1,0,0,1,1,1,0,1,1,1,0,1,0,0
Jerad Blanden,0,1,0,1,0,0,0,1,0,0,0,0,1,0
Brigit Chazelle,0,0,1,1,1,1,0,1,1,1,1,0,0,1
Cristiano Sartain,1,1,1,1,0,0,0,0,0,1,1,0,0,0
Gordy Whimpenny,1,1,1,1,0,1,0,1,1,0,1,0,0,0
Oralle Trymme,0,0,0,1,1,0,0,0,0,1,0,0,0,1
Ryan Rosenberger,1,0,1,0,0,0,1,1,1,1,0,1,0,0
Teddy Chaney,0,0,0,1,0,0,0,1,1,1,1,0,0,0
Jeno Hiner,1,1,1,1,1,1,1,1,1,0,0,0,0,1
Carina Gentil,1,1,0,1,0,1,0,1,0,0,1,0,0,0
Heather Hammand,1,0,0,1,1,1,1,1,0,0,1,1,1,1
Vinson Aphale,0,0,1,1,1,1,0,1,1,0,0,1,0,0
Hew Westall,0,0,0,0,0,1,0,0,1,1,1,0,1,0
Page Sparrowhawk,1,1,0,0,1,1,0,0,0,1,1,0,1,1
Leighton Ivakhnov,0,0,0,0,1,0,0,1,1,0,1,1,0,0
Ariel Rowntree,1,1,1,0,1,1,1,1,0,1,0,1,1,0
Moyra Jaulmes,0,1,0,1,0,1,1,0,0,1,1,1,1,0
Westbrooke Forber,1,0,0,0,0,0,0,0,0,0,1,0,0,1
Annnora Simpkin,0,0,0,0,1,0,0,1,0,1,1,0,1,0
Dieter Callington,1,0,0,1,0,0,0,1,1,1,0,1,0,0
Yvonne Tesseyman,0,1,0,1,0,1,0,1,1,0,0,1,0,1
Charis Leal,1,1,1,0,0,0,0,1,0,1,1,1,0,1
Roxi Abbati,0,0,0,1,1,0,0,1,1,1,0,0,0,0
Maude Yacobsohn,1,0,1,1,1,1,1,0,0,1,0,0,0,0
Byran Raithmill,0,1,0,1,1,1,0,1,0,0,1,1,0,0
Geri Goucher,0,0,1,0,0,1,1,1,0,0,1,0,0,1
Rafael Ingolotti,1,1,1,0,1,1,1,1,1,0,1,1,0,1
Atlanta Frenzel;,0,0,0,1,0,0,0,1,1,1,1,0,0,0
Torey Meneyer,0,0,1,0,0,0,1,0,1,1,1,0,1,0
Ilene Letertre,0,0,1,1,0,1,0,1,1,1,0,0,0,0
Ronda Stoodley,0,1,1,0,1,0,0,1,1,0,0,0,1,1
Cornelle Ellissen,0,0,0,0,1,1,0,1,0,0,0,1,1,0
Fons Arnhold,0,0,0,0,0,0,1,1,1,0,1,0,1,0
Ezra Drinkale,0,0,0,0,0,1,0,1,0,1,0,0,1,1
Brier Carrington,1,1,1,0,1,0,0,1,1,0,0,0,0,0
Judith Fiddeman,1,1,1,1,0,0,0,0,1,0,1,0,1,0
Petr Ortes,0,1,0,0,1,0,0,0,1,0,1,1,0,0
Todd Pointer,0,1,0,0,1,0,1,0,1,1,0,0,0,0
Sonnnie Guild,1,0,1,0,0,1,0,0,1,0,0,1,0,0
Iorgos Destouche,0,0,1,0,1,1,1,1,1,1,0,1,1,0
Wiley Thibodeaux,1,1,1,0,1,0,1,0,0,1,0,0,0,0
Ag Klaus,1,1,1,0,0,1,0,0,0,0,0,1,0,0
Reagan Noen,1,0,0,0,1,0,0,1,1,0,1,1,0,0
Akim O'Grada,0,0,0,0,1,1,1,1,0,0,1,0,1,1
Flory Castille,1,0,0,1,0,0,1,1,1,0,0,1,1,0
Justus Aguirrezabal,1,0,1,0,1,0,0,1,0,0,1,1,1,0
Bee Pryor,1,0,1,0,0,0,1,0,1,0,0,0,1,1
Pacorro Coote,0,0,1,1,0,1,1,1,1,0,0,1,0,0
Colet McQuirter,0,0,0,0,1,0,0,0,1,1,0,1,1,1
Jacky Duham,0,1,1,0,1,1,0,1,0,1,1,1,0,0
Linnet Pearch,0,1,0,1,1,0,0,1,1,1,0,0,1,1
Bliss Ovett,0,0,1,0,0,0,0,1,1,1,1,1,0,1
Irvin McMenamie,0,1,1,0,1,1,0,1,1,0,0,0,1,0
Garfield Eilhersen,0,1,0,0,0,1,0,1,0,1,0,0,1,0
Xenos Tatterton,0,0,0,1,1,0,0,1,0,0,0,1,1,1
Neila Ruffli,0,1,1,1,1,1,0,0,1,1,1,0,1,0
Freddy Sustins,0,1,0,1,0,1,0,1,0,0,1,1,0,0
Jessa Arrigucci,0,1,0,1,0,1,1,0,0,0,0,1,1,0
Nigel Simonetto,1,1,1,1,0,0,1,0,0,1,1,0,1,1
Pearline Galpen,0,0,0,0,0,1,1,0,0,0,1,1,1,1
Arlette Serchwell,0,0,0,0,1,1,0,1,0,1,0,1,0,0
Marcella Boorman,1,1,1,0,0,1,0,1,1,0,0,0,1,0
Rickard Stonnell,1,1,0,1,1,0,0,1,1,0,0,1,1,1
Ema Orpen,1,1,1,0,0,1,1,0,0,1,0,0,1,0
Cly Degoe,0,0,0,0,0,0,0,1,1,0,1,0,1,0
Viole Lister,0,1,0,0,1,1,0,1,0,1,1,0,0,0
Madlen Vanacci,1,0,1,0,1,1,1,0,0,0,1,1,1,0
Anita Dysart,1,0,1,0,1,0,0,0,1,0,1,1,1,0
Jelene Blinerman,0,0,0,1,0,0,0,0,0,0,1,1,1,0
Rhona Vinton,0,0,0,0,1,0,0,1,1,0,0,1,1,0
Ynes Gamlen,1,0,1,1,0,0,0,1,1,0,0,1,0,1
Loella Blackborough,1,1,1,0,1,0,0,1,0,0,0,0,1,0
Lotte Chattock,1,1,0,0,0,1,0,1,0,1,0,1,0,1
Ivar Gandley,0,1,1,0,1,1,0,1,1,0,0,0,0,0
Araldo Auden,0,0,1,0,0,1,0,0,1,1,0,0,0,0
Robinson Demangel,0,0,0,1,1,0,0,0,0,1,1,0,0,0
Itch McGurn,1,0,1,1,0,1,1,1,0,0,1,1,1,0
Alanah Tatteshall,1,1,0,1,0,1,0,0,0,0,1,0,0,0
Olympia Martino,1,1,0,1,0,1,0,0,0,0,1,1,1,0
Vania Piell,1,0,1,0,1,1,0,1,0,1,1,0,0,0
Robyn Whight,1,1,0,0,0,1,0,0,1,0,1,0,0,0
Paolo Twist,1,1,1,1,1,0,0,0,0,0,0,1,1,0
Galen Buttner,0,0,1,1,0,1,0,0,0,1,1,1,1,0
Laureen Pigeram,0,1,1,0,1,1,0,1,1,1,1,0,1,0
Fax Bennedick,0,1,1,1,1,0,0,0,0,0,0,0,1,0
Buddy Okenden,0,1,0,0,1,1,0,0,1,1,1,1,1,0
Angelita Kinney,0,0,1,1,0,0,1,0,0,0,1,1,0,1
Wren Wais,0,1,1,1,1,1,0,0,1,0,1,0,1,1
Feodor Mayo,0,1,1,1,0,0,1,0,1,0,1,1,1,0
Orlan Stayte,1,1,0,0,0,0,0,0,1,1,0,0,0,0
Kate MacAllen,0,0,1,0,1,0,0,0,1,0,0,0,0,0
Baillie Trelease,0,1,0,0,0,1,0,0,1,0,0,1,0,0
Rudolf Lockett,1,0,1,0,1,1,1,0,0,1,0,1,1,0
Maribeth Haggata,0,1,0,1,1,0,1,0,0,0,0,0,1,1
Grissel Kernar,1,1,1,0,1,1,1,1,0,1,1,1,1,1
Jaimie Paule,0,0,0,1,1,0,1,0,0,1,1,0,0,0
Mignon Bampfield,0,0,1,1,0,1,1,1,0,0,1,1,1,1
Maggi Corse,0,1,1,1,1,0,0,0,0,1,1,0,1,0
Harv Prandini,0,1,0,1,1,0,0,0,0,1,0,1,0,1
Shay Lovelace,0,0,0,0,0,0,0,1,1,0,0,0,0,0
Thoma Haitlie,0,0,0,1,1,0,0,1,1,0,1,0,0,0
Jo ann Treadgold,0,1,0,1,1,0,0,0,0,0,1,1,1,0
Adella Limmer,0,1,0,0,1,0,1,1,1,0,1,0,0,1
Andrus Hanley,1,0,1,0,0,0,0,1,1,0,1,0,1,0
Lin Lebreton,0,0,1,1,1,1,0,1,0,1,0,1,0,0
Thorvald Domino,0,1,0,1,0,0,1,0,0,1,1,1,0,1
Elsie Rabjohn,1,1,0,0,0,0,1,0,0,0,1,1,0,0
Stormy Klousner,1,1,1,0,1,0,0,1,0,0,1,0,1,0
Birgit Rapson,0,1,1,1,1,0,0,0,1,0,0,1,1,0
Erik Eddoes,1,0,1,0,1,0,0,1,1,1,0,1,0,1
Jennilee Jonke,0,1,1,0,1,1,0,0,1,0,1,1,1,1
Lyn Mollett,0,1,0,1,1,0,0,0,0,0,1,0,1,0
Rancell Bessey,0,1,1,0,0,0,0,1,0,0,0,1,0,0
Lynnea Gibbie,0,1,1,0,0,1,0,0,0,0,1,0,1,1
Alene Krystof,1,1,0,1,1,1,0,0,1,0,1,0,1,0
Sidoney Joselson,1,0,0,1,1,0,0,1,0,0,0,1,1,1
Quincey Ewan,0,1,1,0,1,0,1,1,0,0,0,1,1,1
Aharon Peyto,0,0,0,0,0,0,0,1,1,1,1,1,1,0
Ekaterina Hansford,0,0,1,1,1,0,1,0,1,1,0,1,0,0
Bart Beckensall,0,1,0,1,1,0,0,1,0,0,0,1,1,1
Ban Ebsworth,1,0,0,0,0,0,1,0,1,1,1,0,1,0
Arlene Rhymes,0,0,0,1,0,1,0,0,1,0,1,1,0,1
Wylma Sitlington,1,1,0,1,1,1,0,0,0,1,1,1,1,0
Carolann Huxtable,0,1,0,1,1,1,0,1,1,0,0,1,1,0
Roma Chitty,0,1,0,1,1,0,1,0,0,0,1,1,0,0
Gaylor Overstall,0,0,0,0,1,1,0,0,1,0,1,0,0,1
Mable Starkey,0,1,0,1,0,1,0,0,1,1,1,1,1,0
Herve Posnett,1,0,0,0,1,0,1,1,1,1,0,1,1,1
Johnnie Naughton,0,0,0,0,0,1,0,1,0,0,1,0,1,0
Wilton Rooze,0,1,1,1,0,1,1,0,0,0,0,1,0,0
Jone Liebmann,0,1,1,0,0,0,0,1,0,0,1,1,0,0
Rubina Marusyak,1,0,0,0,0,0,1,0,1,1,1,0,1,1
Chaim Sink,0,0,0,1,0,0,1,0,0,1,1,1,0,0
Jillana Dowber,0,0,1,0,1,1,0,0,1,1,0,0,1,0
Randolph Schuster,0,0,1,1,0,1,0,0,1,0,1,1,1,0
Mathe Domney,0,1,0,0,0,1,1,0,0,0,1,1,0,0
Aindrea Lyst,1,1,1,1,1,1,0,1,0,0,1,0,1,0
Alwin Cranmer,1,1,1,1,0,0,1,0,0,0,0,1,1,0
Quint Renish,0,1,1,0,1,1,1,0,0,0,1,0,1,1
Mira Gould,0,1,0,1,1,1,0,0,1,1,0,0,1,0
Sterne Cottier,1,0,0,1,1,1,1,0,1,1,0,0,1,0
Malvina Ullock,0,0,0,1,1,1,0,0,1,0,0,0,1,1
Brittany Karleman,1,0,0,0,1,0,0,0,1,1,0,1,0,0
Hartwell Genner,0,0,1,0,0,0,0,0,0,1,1,1,0,0
Wandie Prettyjohns,1,0,1,0,0,0,0,0,0,0,1,1,1,0
Forest Elgee,0,0,1,1,1,0,1,0,0,0,0,1,0,0
Fidole Duligal,1,1,0,1,1,1,1,1,0,0,1,0,1,0
Solomon Goodbarr,1,0,0,1,1,1,0,0,1,1,0,1,1,0
Barton Poznanski,0,1,0,0,1,0,1,0,1,0,0,0,1,0
Evey Krysztofiak,0,0,0,1,0,0,0,0,1,0,1,1,0,0
Ellery Mackerness,1,0,0,1,1,0,1,0,1,0,1,1,0,1
Dela Tynemouth,1,0,0,0,0,1,0,1,1,1,1,1,0,0
Elladine MacTrusty,0,1,1,1,1,0,1,1,1,1,1,0,0,0
Celine Callard,1,1,0,0,0,0,0,0,1,1,1,1,1,1
Codee Elion,0,0,1,0,1,1,0,1,0,0,1,1,0,0
Alisa Kondrachenko,0,0,0,1,1,0,1,0,1,1,1,0,0,0
Allegra Simoneschi,0,1,1,1,0,1,0,1,0,0,1,1,0,0
Bartolomeo Breadmore,0,0,0,0,0,0,0,1,0,1,0,1,1,0
Virgina Langmead,0,0,0,1,0,0,0,1,0,0,1,1,0,0
Damara Torrijos,0,1,1,1,1,0,0,0,0,0,0,0,0,0
Sloane Dreng,0,1,0,0,1,0,0,1,0,1,0,0,0,0
Garland Jendrich,0,1,1,0,1,1,1,0,0,0,0,1,0,1
Arabelle Brodeur,1,1,1,0,0,1,0,1,0,0,1,1,1,0
Blondelle Hussell,1,0,1,0,1,0,1,1,1,0,0,1,0,1
Joete Colleymore,1,0,0,1,1,0,0,0,0,0,0,0,1,0
Peter Bissiker,0,0,0,1,0,0,0,1,1,0,0,1,1,0
Jaimie Kleinholz,0,1,0,1,1,1,1,0,1,1,1,0,0,0
Dix Oxenham,1,0,1,0,0,0,0,0,1,1,1,0,1,1
Niall McPartlin,0,0,0,0,0,0,0,0,1,1,0,1,1,1
Brooks Feeney,0,1,1,0,1,0,0,1,0,0,1,1,0,1
Nikita Danilevich,1,0,0,1,1,0,0,1,0,1,1,0,1,0
Lennie Davidwitz,1,0,1,0,0,0,0,1,1,0,0,0,0,1
Herbert Thaxter,1,0,1,1,0,1,1,1,0,1,0,0,0,1
Neale Broek,1,1,0,0,1,1,0,1,1,0,0,1,0,0
Frazer Treweek,0,0,1,0,1,0,0,1,0,1,1,1,0,0
Ashly Brammar,0,0,1,1,1,0,0,1,0,0,0,1,1,0
Vanni Dilley,0,0,1,1,1,0,0,0,1,1,1,1,1,0
Otho Gallety,1,0,0,1,0,0,0,1,0,0,1,1,1,0
Rowena Loveman,0,0,0,0,0,0,0,1,0,1,1,0,1,0
Lynna Nolleau,1,1,0,1,1,0,0,1,1,1,1,0,1,0
Ambrosio Pineaux,1,1,1,1,1,0,0,1,0,0,1,1,1,0
Hortensia Plume,0,1,0,0,0,1,0,0,0,1,1,1,0,0
Ricardo Keher,0,0,1,0,0,1,0,0,1,1,1,0,1,0
Miller Duce,0,0,1,1,1,1,1,1,1,0,0,1,0,0
Marni Gratten,0,1,0,1,1,0,1,0,0,1,0,1,1,0
Farah Matej,0,1,0,0,0,1,0,0,1,1,0,0,1,0
Hannie Engall,0,1,0,0,0,1,0,0,0,0,0,0,1,0
Tania Mantz,0,0,0,0,1,1,0,0,1,0,0,0,1,1
Grant Luca,0,1,0,0,1,1,0,1,0,0,0,0,1,1
Drud Treadgall,1,1,1,0,0,1,0,0,1,1,1,1,1,0
Babara McDuffy,1,0,1,0,1,0,0,1,0,1,1,1,1,0
Butch Smalcombe,0,1,0,0,0,1,0,0,1,1,1,1,0,0
Lara Yellep,0,0,0,0,1,1,0,1,1,1,0,0,0,0
Erny Halshaw,0,0,0,0,0,0,0,0,1,1,1,0,1,1
Coralie Stawell,0,1,0,0,0,1,1,0,1,1,1,0,1,0
Franzen Debell,1,0,0,0,0,1,0,0,0,0,1,0,1,1
Yalonda Allcorn,0,0,1,0,0,1,1,1,1,0,0,0,1,1
Jecho Burdas,0,0,1,1,1,1,1,1,0,0,0,1,0,0
Michail Abethell,1,1,1,0,0,0,0,1,0,0,0,1,0,1
Henriette Bungey,0,0,1,1,1,0,1,0,0,1,1,1,1,1
Olympe Reast,0,1,1,0,1,1,1,0,1,1,0,0,1,0
Elsy Maddy,1,0,0,0,0,0,0,0,0,1,0,0,1,1
Consuelo Hanselmann,0,1,0,1,0,1,0,1,0,0,1,0,0,0
Faunie Mathie,0,1,0,0,0,0,0,0,0,0,0,1,1,0
Helen MacAscaidh,0,0,1,1,1,1,1,1,0,0,1,1,0,0
Pascale O'Shirine,0,0,1,1,0,0,0,1,1,1,1,0,1,0
Amelie Genny,0,0,1,1,1,1,0,1,0,1,0,0,1,0
Renate Novik,0,0,0,0,1,0,0,1,1,0,1,0,1,0
Patricio Reuven,0,1,0,1,0,1,0,1,0,1,0,1,0,0
Hildegaard Sammes,1,0,1,1,1,0,0,1,1,0,1,0,0,0
Cully Shillingford,1,0,0,0,0,0,0,1,1,1,1,1,0,0
Lemuel Keaveny,1,0,0,1,1,0,0,0,0,1,0,0,1,0
Giffard Berresford,0,0,1,0,0,1,0,0,1,1,1,0,1,0
Finlay Dumberrill,0,0,0,1,0,1,1,0,1,0,0,0,1,0
Reiko Stuke,0,0,0,0,1,1,0,1,0,1,1,0,1,1
Adele McCormick,0,0,0,1,0,1,0,1,0,1,0,1,0,0
Nicolle Engall,0,0,1,1,1,1,1,0,0,1,1,0,1,0
Cletis Lindback,0,1,1,1,1,0,1,1,0,1,0,1,0,0
Giacinta Chafney,1,0,1,1,1,1,1,1,0,1,0,0,1,0
Stevana Thrustle,1,1,0,0,0,0,0,1,0,1,0,1,0,0
Rubetta Obington,1,1,0,1,1,0,1,1,1,1,1,0,1,0
Othilia Safont,0,1,0,1,1,0,0,0,1,0,0,1,0,1
Nobie Arboine,0,0,1,0,1,1,1,1,1,0,1,1,0,0
Inez Eaden,0,1,0,1,0,0,0,1,1,0,0,0,1,0
Junette Blatchford,1,0,1,1,1,0,1,0,1,1,1,0,1,1
Elaine Pigrome,1,1,1,1,1,1,0,0,1,0,1,1,1,0
Oran Vequaud,0,1,1,0,0,1,0,1,0,0,1,1,0,1
Meredith Mussolini,0,0,1,0,0,0,0,0,1,0,0,0,0,1
Andi Saiens,1,0,0,1,1,0,0,0,0,1,0,1,0,0
Christy Huggan,0,1,1,0,0,1,1,1,1,1,1,1,1,0
Wilona McMorland,1,0,1,1,1,0,0,0,1,1,1,1,1,0
Lind Dawdry,1,0,0,0,1,0,1,0,0,1,0,1,0,0
Shaun Stubbs,0,1,1,1,0,1,0,1,1,1,0,0,1,0
Reggie Kemetz,0,1,0,0,0,0,1,0,1,1,1,0,0,0
Catha Gill,1,1,0,1,0,0,0,0,1,1,0,1,0,1
Abbott Dell Casa,0,0,0,1,0,1,0,0,0,0,1,0,0,0
Quentin Brevitt,1,1,1,0,1,0,0,1,1,0,1,1,0,0
Ichabod Scutter,0,1,1,0,0,0,0,0,0,1,0,1,0,0
Moyra Golborne,0,1,0,1,1,1,1,0,0,1,0,1,1,1
Mata Gregor,1,0,1,0,1,0,0,0,1,0,1,0,0,0
Brigida Warriner,0,0,1,0,0,1,0,0,1,0,1,1,1,0
Vince Garrigan,0,1,0,0,0,1,0,0,1,0,0,1,1,1
Odelle Thirlwell,1,0,0,1,0,0,0,1,0,0,1,1,0,0
Tish Corday,0,0,0,0,1,0,0,1,0,0,0,1,0,0
Aharon Skewis,0,0,0,1,1,1,1,1,0,0,0,0,1,0
Vina Marshland,0,0,1,1,1,1,1,0,0,0,0,0,1,0
Clementine Kiddey,0,1,1,1,1,1,0,0,1,1,1,0,0,1
Dre Tilley,0,1,1,1,0,0,0,0,0,1,0,0,1,0
Fletch Faulconbridge,1,0,1,1,0,0,0,1,0,1,1,0,0,0
Horst Butland,0,1,0,1,0,0,0,0,1,1,0,1,1,0
Der Kerr,0,0,1,0,1,0,1,1,1,0,1,0,0,0
Jobey Londer,0,1,0,1,0,0,0,1,1,0,0,1,1,1
Mildred Pennone,0,0,1,0,1,1,0,1,0,0,0,1,0,0
Gordan Digginson,1,0,1,1,1,0,0,0,1,1,0,0,0,0
Zeb Zimmermanns,0,1,0,1,1,1,0,1,1,1,0,1,0,0
Dominica Simioli,1,1,1,1,1,1,1,0,1,1,1,0,1,0
Shea Stemson,0,1,0,1,1,1,0,0,0,0,0,1,0,0
Rooney Armatys,0,1,1,1,1,0,0,0,1,1,1,0,1,1
Nalani Perazzo,0,0,0,0,1,1,1,1,1,0,1,1,0,0
Lenore Curnow,0,0,0,0,0,0,1,1,0,1,1,1,1,0
David Snozzwell,0,1,1,0,0,1,0,1,0,0,1,0,0,0
Mommy McCritichie,1,0,1,0,0,0,0,1,0,0,0,1,0,0
Ernesta Baynham,1,0,1,0,1,0,0,0,1,0,1,1,1,0
Maurine Capelow,0,1,1,0,0,1,0,1,1,1,1,0,0,0
Alair Arkil,1,1,0,1,0,1,0,0,1,1,0,0,1,1
Audrye Finlow,0,0,1,0,0,1,1,1,0,1,0,1,0,0
Hadley Handley,1,0,0,0,1,0,1,0,0,1,1,0,1,0
Traver McCrisken,0,0,1,0,0,0,0,1,0,0,1,1,0,0
Johan Hamshar,1,0,0,0,1,0,0,1,0,1,0,0,1,1
Constantina Bees,1,0,0,1,0,0,0,0,0,0,1,0,0,0
Christian Dimmick,0,0,0,1,0,1,0,1,0,0,0,1,1,0
Colan Surcombe,0,1,0,0,1,1,0,1,1,0,1,1,0,0
Lynelle Brotherheed,1,1,1,1,0,0,0,0,0,0,1,0,1,0
Karia Keyte,1,1,1,1,1,0,1,0,1,0,0,0,0,0
Edith MacUchadair,0,0,0,0,0,0,1,0,0,0,1,0,0,1
Gerda Chessell,0,1,1,0,0,1,1,1,0,1,1,0,0,0
Carmel McCaughen,0,0,0,1,1,0,1,0,1,1,1,0,0,0
Estrella Cawthra,0,0,0,0,0,1,0,1,1,1,1,0,0,0
Merline Millican,0,0,1,0,0,0,1,0,1,1,0,1,1,0
Madelon Doodson,0,1,0,0,0,1,0,1,1,0,1,1,0,1
Lorinda Soldi,1,1,0,1,0,1,1,1,1,1,1,0,0,0
Grete Kinkaid,1,0,1,0,1,1,0,0,1,0,0,0,1,0
Kelila Toffolini,1,0,1,1,1,1,0,0,1,1,0,1,1,0
Mano Kitchener,1,0,0,1,1,1,1,0,1,0,1,1,0,0
Edyth McFee,0,0,1,0,1,0,0,1,0,1,1,1,0,0
Rodge Conen,0,0,0,1,1,1,1,0,1,1,1,1,1,0
Claudius Roydon,0,0,1,0,1,1,1,0,1,1,1,1,1,0
Staci O'Crowley,1,0,0,0,1,0,0,0,1,0,0,0,1,1
Casie Rannells,1,0,0,1,1,1,1,1,0,0,0,1,0,0
Ainslee Rapps,0,1,1,1,0,1,0,1,1,1,1,0,0,1
Lindon McGivena,0,1,0,0,0,0,1,1,0,0,0,0,1,1
Shaun Janko,1,1,1,0,1,0,0,1,1,0,1,0,0,0
Stephani Steinhammer,0,1,0,1,1,1,0,0,1,0,0,0,1,0
Meade Laidel,0,0,1,0,0,0,1,0,1,1,1,0,1,0
Trey Comini,1,1,1,0,1,1,1,1,1,0,1,0,0,0
Janet Silveston,0,1,0,0,1,0,0,0,1,0,0,1,1,0
Ralf Delamar,0,1,1,1,1,1,0,0,1,1,0,1,0,0
Gavrielle Maidstone,1,1,1,0,0,0,0,0,1,0,0,1,0,1
Shanna Gearty,0,1,0,0,0,0,1,1,1,1,0,0,0,0
Amii Trim,1,0,1,0,1,0,0,1,0,1,0,1,1,1
Iain Riehm,1,0,0,0,1,1,0,1,0,0,0,1,0,1
Eve Khotler,0,0,1,1,1,1,0,0,0,0,1,0,1,0
Evan Adamov,0,1,0,0,1,0,1,1,1,0,1,1,0,0
Charis Francino,0,0,1,1,1,1,0,1,1,0,1,1,1,0
Toni Eighteen,0,0,1,0,1,0,0,1,0,0,1,0,1,1
Malvina Toothill,1,1,1,1,0,0,0,1,0,0,1,0,1,0
Bertrand Sesser,0,1,0,1,1,1,1,0,1,1,0,0,1,1
Josselyn Fordyce,1,1,1,0,1,0,0,1,1,0,1,0,0,0
Nicholas Macartney,0,1,1,0,1,1,1,1,0,0,1,1,0,1
Melesa O'Connel,0,1,1,0,0,0,1,1,1,0,0,1,0,0
Zak Gravenor,1,1,0,1,0,1,0,0,1,0,0,0,0,1
Malinda Laetham,0,1,0,1,1,1,0,0,0,1,0,1,1,0
Shellysheldon Wallwork,0,0,0,0,0,0,0,1,0,1,0,1,0,1
Tybi Akess,0,0,1,0,0,1,0,1,1,1,1,1,1,1
Osmond O' Reagan,0,1,1,0,1,0,0,1,0,0,1,0,0,0
Stearne Baulch,1,0,1,1,0,1,0,0,1,1,1,0,0,0
Tuckie Killeen,1,0,0,0,1,1,0,1,1,1,0,0,1,0
Mayne Studeart,0,0,1,1,1,0,0,1,1,0,1,1,1,1
Marney Cubbit,0,0,1,1,0,1,0,0,0,0,0,0,0,1
Ronny Fysh,1,1,1,1,0,1,1,1,0,1,0,1,1,0
Patrice Baggalley,0,1,0,0,1,0,0,1,1,1,0,0,1,0
Cristy Izacenko,0,1,0,1,0,0,0,0,1,0,1,1,1,0
Michaelina Witter,0,1,0,1,1,0,0,1,0,0,1,0,0,0
Florina Keppe,0,1,0,0,0,1,1,0,1,0,1,0,0,0
Alain Izkovitch,0,1,0,1,0,1,0,1,1,1,0,0,0,0
Karim Marsters,0,1,1,0,1,0,1,1,0,0,0,1,0,1
Eddy Cawood,0,1,0,0,1,1,1,1,1,1,1,1,1,0
Suki Blair,0,0,0,1,0,0,0,1,0,1,1,1,0,1
Desdemona Pickerin,0,0,0,0,1,0,0,0,1,0,0,1,1,1
Basilius Hounihan,0,0,0,1,1,1,0,1,1,1,1,0,1,0
Dawna Bickerstaff,1,1,0,1,0,0,0,0,0,1,1,0,0,0
Cthrine Lynnitt,1,1,1,1,1,0,0,1,0,0,0,0,1,1
Ronica Massard,0,0,1,0,0,0,0,0,1,1,0,0,1,0
Joni Filov,0,0,0,0,1,1,1,0,1,1,1,0,0,0
Cal Pavinese,1,0,0,0,0,1,0,0,0,0,1,1,0,0
Shae Matuskiewicz,0,0,0,0,0,1,1,1,0,0,1,1,0,0
Maxwell Wiggins,0,1,1,1,1,1,0,1,0,0,0,0,0,0
Aida Ludman,0,1,1,0,0,1,0,1,0,0,0,0,0,0
Letty Kite,0,1,1,1,1,1,1,0,0,1,1,1,0,1
Tannie Scarsbrooke,1,1,1,0,1,1,0,0,1,0,0,1,0,0
Hermia MacLachlan,0,0,1,1,0,0,0,1,1,0,1,0,1,0
Bondie Cadell,0,1,0,1,0,1,0,0,1,0,1,0,0,0
Corinna Munks,0,1,0,0,1,1,1,0,1,1,1,0,0,0
Lennard Tenman,1,1,0,0,1,0,0,1,1,0,0,0,1,1
Drusie Olanda,0,0,1,1,1,0,1,1,1,0,0,1,0,0
Rourke Escolme,0,1,0,1,1,1,0,1,1,1,0,1,1,0
Shina Briiginshaw,0,1,0,0,1,1,0,0,0,1,1,0,0,0
Ray Dincke,0,0,1,1,1,1,1,1,1,0,0,1,1,0
Eldin Golling,0,1,1,1,1,1,0,1,0,0,0,1,1,0
Alyce Poile,1,1,1,0,0,1,1,0,1,0,1,0,1,0
Rickert Roby,0,0,0,1,0,0,0,0,0,0,0,0,0,0
Rodina Wooton,1,1,1,0,0,1,0,0,0,1,0,0,1,0
Harriott Ogg,0,0,0,1,0,0,0,1,0,0,0,1,0,1
Karrie Pele,0,0,1,0,1,1,0,1,1,1,1,0,1,1
Hoyt Oughton,0,1,0,0,0,0,1,0,1,1,1,0,0,0
Janela Connock,0,1,0,1,1,0,1,1,1,1,0,0,0,0
Merry Petris,0,1,0,0,1,1,0,0,0,0,1,1,0,0
Roch Oxherd,0,1,1,0,0,0,0,0,0,1,1,0,0,0
Claudius Labern,0,0,0,1,1,1,0,1,1,1,0,0,0,0
Hailey Sherratt,1,0,1,0,1,1,1,1,1,1,1,0,0,1
Harbert Berends,0,0,0,0,1,0,1,0,1,1,0,0,0,1
Iris Woodard,0,1,1,1,0,1,0,1,0,1,0,0,0,0
Christye Olliff,0,1,1,0,1,0,0,1,0,0,0,1,0,0
Barnebas Wines,1,0,0,1,0,0,1,0,0,0,0,0,1,0
Beauregard Woodison,0,0,1,0,1,1,0,0,1,1,0,0,1,0
Lavena Fawdrie,0,1,1,0,0,1,1,0,0,0,0,0,1,0
Nathalia Sutliff,1,0,0,1,0,0,0,1,1,1,1,1,0,0
Van Depper,0,0,0,1,0,0,0,0,0,0,1,1,0,1
Stillmann Rimes,0,0,1,0,1,1,0,1,1,1,0,1,1,0
Marni Clows,0,1,1,0,1,0,0,0,0,0,1,1,0,0
Caron Keigher,1,1,0,0,1,1,0,1,1,0,1,1,0,1
Johnath Campsall,0,0,1,0,1,1,0,1,1,0,1,0,0,0
Jerad Tasker,0,0,0,1,0,0,0,0,1,0,0,0,1,0
Wang Birnie,0,0,0,1,0,1,0,1,0,1,1,1,0,0
Tod McMichan,0,0,0,0,0,1,0,1,1,0,0,1,0,0
Alphonse Rooson,1,1,0,1,1,1,0,1,1,0,0,1,0,0
Marcelline Della,1,0,0,1,0,1,0,1,0,1,0,0,0,0
Arlyn Beisley,1,1,1,0,0,0,0,0,1,1,1,0,0,0
Fina Passy,0,0,0,1,1,1,0,0,1,0,1,1,0,0
Alvinia Trorey,0,1,0,0,0,0,0,0,0,0,0,1,0,1
Charmain Zapatero,0,0,0,1,0,1,0,0,0,1,0,0,0,0
Bearnard Briatt,0,0,1,0,1,1,1,1,0,0,1,1,0,1
Anne-marie Weedall,0,0,1,0,1,1,0,0,0,0,1,1,0,0
Swen Hardes,0,0,1,0,1,1,1,0,1,1,0,1,1,1
Kathie Veillard,0,1,1,1,0,1,0,0,0,1,0,0,1,1
Raina Grabb,0,1,0,0,1,0,0,1,1,0,1,1,1,1
Shandee Doucette,0,0,0,1,1,0,0,1,0,1,1,1,0,0
Rhoda Jeffreys,1,1,1,0,0,1,0,0,1,0,0,0,1,0
Robinette Pleavin,0,1,1,1,1,1,0,0,0,0,0,0,1,1
Adair Broadfoot,0,0,0,1,0,0,1,0,1,0,0,0,1,1
Rozina Adrain,0,1,1,0,0,1,0,1,0,0,0,0,1,0
Alayne Crunkhurn,1,0,1,0,1,0,0,1,0,1,1,1,0,0
Darcy Ruggles,0,1,1,0,0,1,1,1,0,0,0,0,1,0
Kelci Ault,0,1,0,0,1,1,0,1,1,1,1,1,1,0
Felita Cripps,0,0,0,0,1,0,0,1,0,0,1,1,1,0
Rodi Yanshinov,0,1,1,1,1,0,0,1,0,1,0,1,1,0
Melitta Norcott,1,1,0,1,1,0,0,0,1,1,1,1,1,0
Renate Bidgod,0,1,1,1,1,0,1,1,1,0,0,1,1,0
Lynnet Shone,1,1,0,0,0,1,0,0,1,1,0,1,0,0
Larine Yoakley,0,1,0,0,0,1,1,0,0,1,0,1,0,1
Suzette Sivorn,0,1,1,1,1,1,0,0,0,1,1,1,0,0
Adan Simkovich,0,0,0,0,0,0,0,1,0,1,1,1,0,0
Alick Doulden,0,1,1,0,1,0,1,0,1,0,0,1,0,0
Bax Cattow,0,1,1,1,0,0,0,1,1,1,0,0,1,1
Horatius Perone,1,1,1,0,1,0,1,0,1,1,1,0,1,0
Norri Popworth,0,0,0,1,1,1,0,0,0,0,1,1,1,0
Abbi Brightwell,1,1,0,1,1,0,0,0,1,0,1,0,0,1
Gonzalo Stook,1,1,1,1,1,0,1,1,0,0,1,0,1,1
Aloysius Presley,1,1,1,1,0,0,0,0,0,0,1,1,0,1
Van Toffanelli,0,0,0,1,0,0,0,0,0,0,1,0,1,0
Scott Renny,0,0,0,0,0,1,0,0,1,1,0,0,1,0
Ranna Ferretti,1,1,1,1,1,1,0,1,0,0,1,1,0,0
Rock Shelmerdine,1,1,1,1,0,0,1,1,0,0,0,1,0,0
Jacintha Avis,1,1,1,0,1,0,1,0,0,0,0,0,1,0
Milli Jansa,0,1,1,1,1,0,0,1,0,0,1,1,0,1
Zacherie Lawley,1,1,1,1,0,1,0,0,0,0,0,1,0,1
Tibold Poyle,1,0,0,1,1,1,0,0,0,0,1,1,0,1
Katharine Fryd,1,0,0,1,0,1,0,1,1,1,1,0,0,0
Meryl Tunnah,1,0,1,1,0,1,0,0,1,0,1,0,1,0
Teodoro Badwick,0,1,1,0,1,1,0,1,0,1,0,1,0,0
Cecelia Riseley,0,0,0,0,0,0,0,0,0,0,1,1,0,0
Pippa McNae,1,0,0,0,1,0,0,0,1,1,1,0,0,0
Rafaello Jeske,0,1,0,1,0,0,0,0,0,1,1,0,1,0
Lars Ilyukhov,0,1,0,1,0,0,0,0,0,0,0,1,1,0
Stafani Parsonson,0,1,1,1,1,0,0,0,1,0,0,0,1,1
Callida Pepper,1,1,1,1,1,0,0,0,1,1,0,0,1,1
Noreen Wernher,0,1,0,1,1,1,0,0,1,0,0,1,1,0
