id,Pintura,Brocha,Rodillo,Bombilla,Destornillador,Madera,Abrazadera,Clavos,Ventilador,Teneza,Taladro,Ladrillo,Cemento,Barniz,Aislante,wipe,Cordel,Tirro,Espatula,Linterna,Hierro,Tablaroca,Pegamento,Tubo,grifo,BateriasAA,BateriasAAA,Palas,Carretillas,Arrena,Alambre,Valvulas,Aceite/motor,Puertas,Ventanas,Vidrio,Ceramica
Charmian Garritley,1,1,1,0,1,0,0,1,0,0,0,0,0,0,1,1,0,0,1,1,1,0,1,1,0,0,1,1,1,0,0,0,0,0,0,0,0
Deane Volk,0,1,0,1,1,1,0,1,1,0,0,0,1,1,1,0,0,1,1,0,0,0,1,1,0,0,1,0,0,0,0,0,1,0,1,0,0
Wilie Tong,0,1,1,0,1,1,0,0,1,1,0,1,0,1,0,1,1,1,0,1,0,0,0,1,1,0,1,1,1,1,0,0,1,1,1,1,1
Maire Broomfield,0,0,1,1,0,0,0,0,0,0,1,0,0,1,0,1,1,1,1,1,1,1,0,1,0,1,0,1,0,1,0,0,1,0,0,0,0
Augustine Castelluzzi,0,0,1,0,1,0,1,1,0,1,0,1,1,1,0,1,1,0,1,0,1,1,0,0,1,0,0,0,0,0,0,1,1,0,0,1,0
Frederik Janway,0,0,0,1,1,1,0,0,0,1,1,1,0,1,1,1,0,0,1,0,0,0,1,0,1,1,0,1,0,1,0,0,1,1,0,0,0
Oralla Bortoluzzi,0,0,0,0,1,0,1,1,0,0,1,1,0,1,1,0,0,1,1,1,0,1,0,1,0,0,0,1,0,1,0,1,1,1,1,0,0
Chandler Jemmison,1,1,1,0,1,0,1,0,0,0,1,0,0,1,0,1,0,0,0,1,1,1,0,0,1,0,0,1,1,0,1,0,1,1,1,1,0
Ernesta Derricoat,1,1,1,1,1,1,1,0,1,1,0,1,0,0,1,0,0,0,1,1,0,0,0,0,0,1,1,0,1,1,1,0,1,0,1,0,1
Yvor Lavis,0,0,0,0,0,1,1,1,1,0,0,1,0,0,0,1,1,0,1,0,1,1,0,0,0,1,0,0,0,1,1,1,0,0,0,0,1
Ami Cantera,1,1,0,0,0,1,0,1,1,1,1,0,1,1,0,1,1,0,1,1,1,0,1,1,1,1,1,1,1,1,0,1,1,1,1,0,0
Muire Porter,1,0,1,1,0,0,0,1,0,1,1,0,1,0,1,1,1,0,1,0,0,0,0,1,0,1,1,0,0,1,0,0,1,1,0,1,1
Danna Vibert,1,1,0,1,1,1,1,0,1,1,0,1,1,0,0,1,1,1,1,1,1,1,0,1,0,1,1,0,0,0,0,0,1,0,0,1,1
Dar Barsam,0,0,1,0,0,0,1,1,0,1,1,0,0,1,0,0,0,0,0,0,1,1,1,1,1,0,1,0,1,0,1,0,0,0,0,1,0
Dennie Deabill,1,0,0,0,0,1,1,1,0,0,1,0,0,1,1,0,1,1,0,1,1,1,0,0,1,0,0,0,0,1,0,0,1,1,0,0,1
Stafani Camus,1,1,1,1,1,1,1,1,1,0,1,0,0,1,0,0,0,0,1,1,1,1,1,1,1,0,0,1,1,1,0,0,0,1,0,0,0
Marylin Duffie,1,0,1,0,1,0,0,0,0,0,1,0,1,1,1,0,0,0,0,0,1,0,0,1,1,1,0,0,1,1,1,1,1,0,1,0,1
Sawyere Banisch,0,0,1,0,1,0,1,1,1,0,1,1,1,1,1,1,1,1,1,0,0,1,1,0,1,0,1,0,1,1,1,1,0,1,0,1,1
Vasilis Sparey,1,1,1,0,1,1,0,1,0,1,1,0,1,1,0,1,0,1,1,0,1,1,1,1,0,1,1,1,0,0,0,1,0,0,1,0,1
Skipton Pibsworth,0,1,0,1,1,1,0,0,0,1,0,1,1,0,1,1,0,0,0,0,1,1,1,1,1,1,1,0,1,1,0,0,0,0,0,0,1
Gilburt Hardey,1,1,0,0,0,1,0,1,1,0,0,1,1,1,0,0,0,1,0,0,0,1,0,0,0,0,0,1,0,1,1,0,1,1,0,0,1
Genna Meir,1,1,1,1,1,0,1,1,1,1,1,0,0,1,1,0,1,1,0,1,0,1,1,0,0,1,1,0,1,0,1,1,1,0,1,1,0
Tanny Norgate,0,0,1,0,0,0,1,1,1,1,0,1,0,1,0,0,0,0,0,1,1,1,0,1,0,0,1,0,0,0,0,1,0,0,1,0,1
Jaymee Kensitt,1,1,1,0,1,0,0,1,1,0,1,0,1,0,1,0,1,1,1,1,0,0,1,1,1,0,1,0,1,1,0,1,1,1,1,1,1
Moyna Behning,0,0,0,0,0,1,0,1,0,0,1,1,0,1,0,0,1,0,1,1,1,1,1,1,0,1,0,1,0,0,0,1,1,1,1,1,1
Port Dillingston,1,0,1,0,1,1,1,1,1,1,0,0,0,0,1,1,1,0,0,1,1,1,0,0,0,1,0,1,0,0,1,1,0,1,0,0,0
Norina Lourenco,1,0,1,0,0,0,1,1,0,1,1,1,1,1,1,0,0,1,0,1,0,1,0,0,0,1,1,1,0,0,0,0,1,0,0,0,0
Collen Hiers,1,1,0,0,1,0,1,1,0,0,0,1,1,1,1,0,1,1,0,0,0,1,1,1,1,0,1,1,1,1,1,0,0,0,1,1,0
Cyril Enrich,1,1,1,0,1,1,0,1,1,1,1,0,1,0,0,1,0,1,0,0,0,1,1,0,0,0,0,0,0,0,0,0,0,1,0,1,0
Barnabe Cossem,1,1,0,1,1,1,0,0,1,1,0,1,1,0,1,1,0,1,0,0,0,1,1,1,0,1,1,1,1,1,0,0,0,0,1,1,0
Marga Lock,1,0,0,1,1,1,0,0,0,0,0,0,1,1,0,0,1,0,0,1,0,0,0,0,0,0,1,0,1,0,0,0,1,1,0,1,1
Stephanus Branchflower,0,0,0,1,1,1,0,0,1,1,0,1,0,1,0,1,1,1,1,0,0,0,1,0,0,0,0,0,0,1,1,0,1,1,0,1,1
Giselbert Room,0,0,1,1,0,0,1,0,0,0,0,0,0,0,1,0,0,0,0,1,1,1,1,0,0,1,1,0,1,1,0,1,1,1,1,1,1
Stephie Auguste,1,1,1,0,1,1,1,1,1,0,1,0,1,1,0,0,1,0,1,0,0,1,0,0,0,1,0,1,1,1,1,1,1,1,0,0,1
Barrett Doding,0,1,1,0,0,1,0,1,0,1,1,0,0,0,1,1,1,0,1,0,0,0,1,0,1,1,1,1,0,0,1,0,0,1,0,0,1
Delia Aristide,1,1,0,0,1,1,1,0,1,0,1,1,0,0,1,1,1,0,0,0,0,0,1,1,0,1,0,0,1,0,0,0,0,0,0,1,0
Humfrid Rennels,1,1,1,0,1,1,1,0,0,1,0,1,1,0,1,1,0,1,1,1,1,1,0,1,0,1,0,1,1,1,1,0,1,1,1,0,1
Franklyn Meiklam,0,1,0,1,1,1,1,0,0,1,1,0,1,1,1,1,0,1,0,1,0,0,0,1,0,0,1,0,1,0,0,0,1,0,0,0,0
Kory Geard,1,1,1,1,1,1,1,0,1,0,1,1,0,1,0,1,1,0,0,0,0,1,1,0,1,0,0,0,1,1,1,0,1,0,1,1,1
Alta Houdhury,1,1,0,1,0,1,0,0,0,0,0,0,0,0,0,0,1,0,0,1,0,0,1,1,0,0,1,1,1,1,0,1,0,0,1,0,1
Cam Sayes,1,1,0,0,0,1,1,0,1,0,0,1,1,1,1,0,0,0,0,1,1,0,1,1,0,1,0,1,1,0,0,0,1,0,1,1,0
Marco Battell,1,1,0,0,0,1,1,1,1,1,0,1,1,0,0,1,0,1,0,0,1,0,1,0,1,0,1,1,0,1,1,1,1,0,0,0,0
Alf Ollerhad,0,1,0,0,0,0,0,1,1,1,0,1,1,1,0,1,1,1,1,0,0,1,0,0,1,1,0,1,1,1,0,0,0,1,1,1,0
Carr MacCarter,0,0,1,0,1,1,0,0,1,1,0,0,1,0,0,0,1,1,1,0,0,0,1,0,0,1,0,1,1,0,0,1,1,0,1,0,1
Stafford Comusso,1,0,0,0,1,1,0,1,0,1,1,0,1,0,1,0,0,1,0,0,0,0,1,1,1,1,0,0,1,0,0,0,0,0,1,0,0
Brier Macon,0,1,0,0,0,1,1,1,0,0,1,1,0,0,1,0,0,0,0,0,0,1,0,0,0,0,0,0,1,1,0,0,1,1,1,0,0
Peria Kynge,0,1,1,1,0,0,1,0,0,1,1,1,0,1,0,1,1,0,1,1,0,1,0,0,1,1,1,0,0,0,0,1,1,0,0,0,0
Esme Figge,0,0,1,0,0,0,1,1,1,1,1,0,0,0,0,1,0,1,1,1,1,0,1,1,1,0,0,0,0,0,0,0,1,0,0,1,0
Erica Bourrel,1,1,1,0,1,1,0,1,0,1,0,0,1,1,1,0,1,1,0,1,1,1,1,1,0,0,0,1,0,0,1,1,0,1,1,0,0
Kimberli Bavridge,0,0,1,1,0,0,0,0,0,0,0,1,0,0,0,1,0,1,1,1,0,1,0,1,1,1,0,1,1,0,1,1,0,1,1,1,1
Meghan Troop,1,1,0,1,1,1,0,0,0,0,0,1,0,1,0,0,0,1,0,0,0,0,0,1,1,0,1,1,0,0,0,1,1,0,1,1,0
Britni MacFayden,0,0,1,1,1,0,0,0,0,0,0,0,0,1,0,1,0,0,0,1,0,1,0,1,1,0,0,0,0,0,0,1,1,0,1,0,1
Jennie Tarbett,1,1,0,1,0,0,0,0,0,0,1,0,1,0,1,0,0,0,1,1,1,0,0,0,1,0,1,1,1,1,1,1,1,1,0,0,1
Lon Reoch,0,0,0,1,1,1,0,0,0,1,0,1,1,1,0,0,0,0,0,1,0,0,0,0,1,1,0,0,0,1,0,1,1,1,0,1,0
Gillie Morrissey,0,1,0,0,1,0,0,0,1,0,0,1,0,0,1,0,1,0,1,0,0,1,0,1,0,1,1,1,1,1,0,1,1,0,0,0,0
Ludwig Tricker,1,1,0,1,0,0,0,1,0,1,0,0,1,0,0,0,0,0,0,1,0,0,0,0,0,1,0,1,1,0,0,0,1,1,1,1,0
Eliza Allcock,1,0,1,1,0,0,0,1,1,0,0,1,1,1,0,1,0,0,1,1,1,0,1,1,0,0,0,1,0,0,0,0,1,1,0,1,0
Abagael MacKomb,0,0,1,0,1,1,1,0,1,0,0,0,0,1,1,0,1,0,1,0,1,1,1,1,1,0,1,0,0,0,0,1,0,1,0,0,0
Gypsy Asals,0,0,0,0,0,0,1,1,1,1,0,1,0,0,1,1,1,0,1,0,1,0,1,1,0,0,0,1,0,0,0,1,1,1,0,1,1
Allayne Glanister,1,0,0,0,0,0,1,0,0,0,1,0,0,1,0,0,1,0,1,1,0,1,0,1,1,0,0,0,1,1,1,1,0,0,1,0,0
Rebeca Nadin,1,1,0,1,0,1,1,1,1,0,0,0,1,0,0,1,0,0,1,0,1,0,0,1,1,1,1,1,0,0,1,1,1,0,0,0,0
Dickie Hitschke,0,0,0,1,0,1,1,0,1,0,1,1,1,0,0,1,1,1,1,0,1,1,1,0,1,1,1,0,1,0,0,1,0,0,1,0,0
Kennedy Alabastar,1,1,0,0,1,0,1,0,0,0,0,1,1,0,1,0,1,1,0,0,0,1,1,0,0,0,1,1,1,1,1,0,0,1,1,1,1
Nora Posner,1,1,0,1,0,1,0,1,0,0,1,0,0,0,1,0,0,1,1,1,1,1,0,0,1,1,1,0,1,0,1,1,0,0,1,1,1
Lothario LLelweln,0,0,1,0,0,0,0,1,1,0,1,0,0,0,1,0,0,0,1,1,1,0,1,1,0,0,1,0,1,0,0,0,1,1,0,1,1
Orren Hayter,0,1,0,0,0,1,0,0,0,0,1,0,0,1,1,1,0,1,1,1,0,1,1,0,0,0,1,0,1,0,1,1,1,1,0,1,1
Prue Labbe,1,1,1,1,0,0,1,1,0,1,1,1,1,1,0,0,0,0,0,1,1,0,1,0,1,0,1,0,1,0,1,1,1,1,0,0,1
Lissi Mechem,1,1,0,0,1,1,0,0,0,0,1,0,1,0,1,0,1,0,0,1,1,0,1,1,0,1,0,0,1,1,1,0,0,0,1,1,0
Reggy Climpson,0,1,0,1,0,0,1,1,1,0,1,0,1,1,1,0,0,1,0,1,0,1,0,1,1,1,0,1,1,0,1,1,1,0,0,0,1
Astrid Mason,1,0,0,1,1,0,0,0,0,0,0,1,0,1,0,0,0,0,0,0,1,1,0,1,1,1,0,0,1,1,0,1,0,1,0,0,1
Malina Lumsdall,1,0,0,1,1,1,1,0,0,0,0,1,1,0,1,1,1,0,0,1,1,1,1,1,1,0,0,0,1,0,1,1,0,0,0,0,1
Gaston Titchard,1,1,0,0,0,0,1,1,0,1,1,0,1,0,0,1,1,0,1,1,0,0,0,1,0,1,0,1,1,1,1,0,0,0,0,1,0
Annalee Martinuzzi,0,1,1,0,1,1,0,0,0,1,0,1,0,0,1,0,1,1,0,1,1,0,0,0,1,1,1,0,0,0,0,0,0,1,0,1,0
Karolina Keedwell,1,1,0,0,1,1,1,0,1,1,0,0,0,1,0,1,0,0,1,0,0,1,1,1,1,1,0,1,0,1,0,1,0,1,0,0,0
Tera Sykes,1,1,1,1,1,1,0,0,1,0,0,1,1,0,1,0,0,0,1,1,0,0,1,1,1,1,0,1,1,1,0,1,1,1,0,1,1
Kirby Stooke,0,0,1,1,0,1,1,0,1,0,1,0,1,1,1,1,1,1,0,0,0,1,0,0,0,0,1,0,0,1,0,0,1,0,1,0,0
Alexei Speakman,0,1,1,0,1,0,0,1,1,1,1,0,0,0,1,1,0,1,0,1,0,1,0,0,0,1,1,0,1,1,1,0,1,1,1,1,1
Randie Crenshaw,1,0,0,0,1,0,1,0,1,1,0,0,0,0,1,1,1,1,0,0,1,1,0,0,1,0,1,0,0,0,0,1,0,0,1,1,1
Blondelle Raittie,1,0,1,1,0,0,1,0,1,0,0,1,1,0,0,1,0,1,1,0,0,1,1,1,0,0,1,0,1,1,0,0,1,0,0,1,1
Wolfy Mehew,0,0,0,0,1,0,1,0,1,1,0,0,0,0,1,0,0,0,0,1,1,1,1,0,1,1,0,1,0,0,0,0,1,0,1,1,1
Savina Klos,0,0,0,0,0,0,0,1,0,1,0,0,0,0,1,1,0,0,1,0,0,0,0,0,0,0,0,1,1,0,1,0,0,0,1,1,0
Geri Senchenko,1,0,0,1,1,0,0,1,0,1,0,0,0,0,1,1,1,1,0,0,0,0,0,0,1,0,1,0,1,0,0,1,0,1,1,1,0
Meredithe Massei,1,0,0,0,0,1,1,0,1,1,0,1,0,1,0,0,0,0,0,0,1,0,0,0,0,0,1,1,0,1,0,0,0,0,0,1,0
Kenon Evans,1,1,1,1,0,0,0,0,1,1,1,0,0,0,1,0,0,0,1,0,1,0,0,1,1,0,0,0,1,1,0,0,1,0,1,1,1
Mack Goldis,0,0,1,1,0,1,0,0,0,0,1,1,1,1,0,1,1,1,0,1,0,1,1,1,1,0,0,0,0,0,0,0,0,0,1,0,1
Gerry Giacobilio,0,0,1,1,1,0,0,0,0,0,1,0,0,1,1,1,0,0,0,1,1,1,1,1,0,0,1,1,1,1,0,1,0,1,1,0,1
Gottfried Rous,1,0,0,0,1,1,0,1,0,0,0,1,1,1,0,1,1,1,0,0,1,1,1,0,1,0,1,1,0,0,1,0,1,1,1,1,0
Andee McInerney,1,1,1,0,0,0,0,0,1,0,1,0,1,0,0,0,0,1,1,0,0,0,1,0,1,0,0,1,1,1,0,1,0,1,0,0,0
Jaime Derl,0,1,1,1,0,0,0,1,0,1,1,1,1,0,1,0,0,0,0,0,1,1,0,0,1,0,1,0,0,1,1,0,0,1,0,1,0
Germain Alstead,1,0,0,1,0,1,1,1,0,0,0,1,1,0,0,1,1,1,0,1,0,1,1,0,0,1,1,1,0,0,1,1,0,0,0,0,0
Dniren Artist,1,0,0,0,1,1,0,0,0,1,0,1,0,0,0,1,1,0,1,1,1,0,1,1,0,0,0,1,1,1,0,1,0,0,0,1,0
Kathrine Turner,1,0,0,0,0,0,1,0,0,1,1,1,1,0,0,0,1,1,0,1,0,1,1,0,1,0,0,0,1,1,0,1,1,0,0,1,1
Kellen Vsanelli,1,1,1,0,1,1,0,1,0,0,1,1,0,1,0,1,0,1,1,0,0,0,0,0,0,1,1,1,0,0,1,0,1,0,1,0,1
Culver Robinette,0,1,0,1,1,1,1,0,1,1,1,1,0,0,0,0,0,1,0,0,0,0,1,1,1,1,0,0,1,0,0,0,1,0,0,0,0
Ella Simson,1,1,1,0,1,1,0,1,0,1,0,0,1,0,1,0,0,0,1,0,0,1,1,0,1,0,1,1,0,0,1,0,1,0,1,1,0
Dene Burnell,1,1,1,1,0,0,0,0,0,1,0,1,1,0,1,0,1,0,1,1,0,1,0,0,0,1,1,0,1,1,1,1,0,0,0,1,0
Wayne Owain,0,0,0,1,1,1,0,1,0,1,0,1,0,0,0,1,1,1,1,0,0,1,0,1,1,0,0,0,0,1,1,1,0,0,1,1,1
Leanora Megarrell,0,0,1,1,1,1,0,1,0,0,1,0,0,1,0,0,1,0,0,0,0,0,0,1,1,1,1,0,0,1,0,1,0,0,1,0,0
Helaine Godber,0,0,1,0,1,0,0,1,1,0,1,0,1,1,0,0,1,1,0,1,1,1,0,0,0,0,1,0,1,0,1,0,1,0,1,1,1
Brandise Rignoldes,1,1,1,1,0,1,0,1,0,0,1,1,1,0,0,0,0,0,1,1,0,1,0,1,0,1,1,0,1,0,1,1,1,0,0,0,1
Storm Entres,0,0,1,0,1,1,0,1,1,0,1,0,0,0,0,0,0,1,1,0,0,1,1,1,1,1,1,0,0,0,1,0,0,0,0,1,1
Alyssa McAllan,1,0,0,1,0,0,0,0,0,1,1,1,1,0,1,1,0,0,1,0,0,0,1,0,1,1,1,0,1,0,1,1,1,0,0,0,1
Susie Berens,1,0,0,1,0,1,0,0,1,0,0,1,0,0,0,1,0,1,1,1,0,0,0,0,1,0,0,0,0,1,0,0,1,0,0,1,1
Dana Johns,1,1,1,1,0,1,1,1,0,0,0,0,1,1,0,0,0,0,0,1,0,0,1,0,1,0,1,0,0,1,0,0,1,1,0,1,1
Winonah Pitsall,0,0,1,1,0,0,1,0,0,1,0,1,1,1,1,0,0,1,1,0,0,0,1,1,0,1,0,0,0,0,0,1,1,0,1,1,0
Caroljean Baynard,0,1,1,1,1,1,0,0,1,0,1,0,0,0,1,1,1,0,0,1,1,0,0,1,1,0,1,1,0,0,1,1,1,0,1,0,0
Morlee Connal,1,0,1,1,0,0,1,0,0,0,1,0,1,1,1,1,1,0,1,0,0,1,0,1,0,1,1,1,0,0,1,0,0,1,1,0,1
Lothario Occleshaw,0,0,0,0,1,1,0,1,1,1,1,0,1,0,1,0,1,1,0,0,1,1,1,0,1,0,1,1,1,1,1,1,1,1,1,0,1
Doralyn Tibalt,0,0,0,0,0,0,1,0,0,0,0,0,0,1,0,1,0,1,1,1,0,1,1,0,0,0,0,1,0,1,0,0,0,0,0,0,0
Lauryn Bellsham,1,1,0,0,0,0,1,1,0,1,1,0,0,1,1,0,1,0,1,0,0,0,1,0,0,0,0,1,0,1,0,0,1,1,0,1,0
Dionysus Greenstreet,0,0,0,0,0,0,1,0,0,1,0,1,0,1,1,1,0,1,0,0,0,0,0,1,1,1,0,0,0,1,0,1,1,0,1,1,1
Ram Rignall,0,0,1,0,1,1,0,0,0,1,1,1,0,0,1,0,0,1,0,1,0,1,0,1,0,1,1,0,1,1,0,0,1,1,1,0,0
Shirleen Creese,1,0,1,0,1,1,1,0,0,0,1,1,1,0,1,1,0,0,1,0,1,0,0,0,1,1,0,0,0,0,1,1,0,1,0,1,1
Bartolemo Mughal,0,1,1,1,0,1,1,0,1,0,1,0,0,1,1,1,1,0,0,1,0,1,0,0,0,0,1,0,1,1,0,1,1,1,1,0,1
Dulsea Janosevic,0,1,0,0,1,1,1,0,0,1,1,0,1,0,0,0,0,0,0,1,1,1,0,1,0,0,1,0,1,0,0,1,1,0,0,1,0
Gus Hutchins,1,1,0,1,0,1,1,1,1,0,0,1,0,1,1,1,0,1,1,1,1,0,1,0,0,1,0,0,1,1,0,0,0,0,1,1,0
Nonah Streight,1,1,0,1,0,1,0,1,1,1,0,0,0,0,1,1,1,1,1,1,1,1,1,1,1,0,0,0,1,0,0,1,0,1,1,0,0
Inesita Cotelard,0,1,0,1,1,1,1,1,0,0,1,0,0,1,1,1,0,1,0,1,0,0,0,1,1,1,0,0,0,1,0,1,1,0,0,1,0
Saunder Bissex,1,1,0,0,0,1,1,1,1,0,0,0,1,0,0,0,1,0,1,0,1,0,0,0,0,1,0,0,0,0,1,1,1,0,0,0,1
Merrill Rocco,1,1,1,1,1,1,1,1,0,1,1,1,1,1,1,0,1,0,0,0,1,0,0,0,0,0,0,1,1,1,0,1,0,0,0,1,0
Philbert Scrivin,1,0,0,1,1,1,1,0,1,1,1,1,0,1,0,0,1,1,1,0,1,0,0,1,0,0,0,1,0,1,0,0,1,1,1,1,1
Joya Kerner,1,1,0,1,1,0,0,1,0,1,0,1,0,0,0,0,1,1,1,1,0,0,1,1,1,1,0,0,0,1,0,0,0,1,0,0,1
Tanitansy Guiduzzi,1,1,1,1,0,1,0,1,0,1,0,1,0,0,1,0,1,0,1,1,1,0,1,0,0,0,1,0,1,1,0,0,1,0,0,0,0
Vanny Thursby,0,0,0,1,0,0,0,1,1,0,1,0,1,1,1,1,1,1,0,1,1,1,0,0,0,1,0,0,1,0,1,0,0,0,1,0,0
Anton Novotna,1,0,1,1,1,0,0,1,0,0,0,1,1,0,1,0,1,1,0,1,0,0,0,0,0,1,0,0,0,0,1,1,1,1,1,1,1
Laurice Litton,1,1,1,1,1,1,1,0,0,1,0,1,1,0,0,0,1,0,0,0,1,1,0,1,1,0,0,0,1,0,0,0,1,0,0,0,1
Lizabeth Spalding,1,0,0,1,1,0,1,1,0,1,1,0,1,1,0,0,0,0,1,0,0,1,0,0,0,0,0,1,1,1,1,0,0,1,0,0,0
Cad Grout,0,0,0,1,0,0,0,1,0,1,0,0,0,0,0,0,0,0,0,0,1,1,1,1,0,1,1,0,1,1,0,1,1,1,1,0,0
Evey Woolhouse,1,0,1,1,0,0,1,1,0,1,1,0,1,1,1,0,0,0,0,1,0,1,0,1,1,0,1,0,1,0,0,1,1,0,1,1,0
Tadd Sandford,1,0,1,1,1,1,1,0,0,1,1,0,0,0,0,0,1,0,1,1,0,1,0,1,0,0,0,1,1,0,0,0,0,0,1,1,1
Gayelord Bryenton,1,1,0,0,1,1,1,0,0,0,0,1,1,0,0,0,1,0,0,0,0,1,1,1,0,0,1,1,1,1,1,1,0,1,0,1,0
Fields Leeming,1,0,1,1,1,1,1,1,1,1,1,1,1,1,0,1,1,1,0,1,0,1,0,1,0,1,1,0,0,0,1,0,0,1,1,1,1
Robbi Novik,1,0,0,0,1,1,1,0,1,0,1,0,0,1,1,1,1,1,1,0,1,1,0,1,1,0,0,1,1,0,1,0,0,1,1,1,0
Bunnie Loadwick,0,0,1,1,1,1,1,0,0,0,1,1,0,1,0,0,1,1,0,0,1,0,0,1,1,1,0,1,1,1,0,0,1,0,1,1,0
Elisha Itzkovitch,1,1,0,1,1,0,0,1,1,1,0,1,0,1,0,0,1,1,0,1,1,0,1,0,0,1,1,1,1,0,1,0,1,1,0,0,0
Mac Dinneges,0,1,0,1,1,1,0,1,0,1,1,0,1,1,0,1,0,1,0,1,0,1,1,1,0,1,1,1,1,1,0,1,0,0,0,1,0
Massimo Waggett,1,0,0,1,1,0,1,1,0,0,1,0,1,1,0,1,0,1,1,0,0,0,1,1,1,1,1,1,1,1,1,1,0,1,0,1,0
Margot Cluderay,0,1,1,1,1,1,1,0,0,1,0,1,1,0,1,1,0,1,0,1,1,0,1,1,1,1,0,0,0,0,1,1,0,1,0,1,1
Carilyn Haggleton,1,1,1,0,1,1,1,0,1,1,1,0,1,0,1,0,0,0,1,1,0,0,0,1,0,0,1,1,0,0,1,1,1,0,0,0,0
Shaughn Trittam,0,0,1,0,0,0,1,1,1,0,0,1,0,1,0,1,1,1,0,1,0,0,0,1,1,1,1,1,1,0,1,1,1,1,0,1,0
Marshall Thirwell,0,0,0,1,1,1,0,0,1,1,0,1,1,0,0,0,1,1,1,0,1,0,1,0,1,1,0,0,1,1,1,1,0,0,1,1,0
Eydie Zupa,1,1,1,1,1,0,0,1,0,0,0,0,0,0,0,0,1,0,1,1,1,1,0,1,0,1,0,0,0,1,1,1,1,1,1,1,0
Shalom Ashbey,1,0,0,1,1,1,1,0,0,0,1,1,1,0,0,1,0,1,0,1,1,0,1,0,0,1,0,0,1,0,0,0,0,0,0,0,0
Junette Sattin,1,1,1,1,1,1,1,0,0,1,1,0,0,0,0,0,1,1,0,1,0,0,0,0,0,1,0,0,0,1,1,1,0,1,0,0,1
Charita Peever,0,1,1,0,0,0,0,0,0,1,0,1,1,1,1,0,1,0,0,1,1,0,0,1,1,1,0,1,0,1,1,1,1,1,1,1,0
Mignon Smails,0,0,0,0,0,0,0,0,0,1,1,0,0,0,1,0,0,1,0,0,1,0,0,0,1,0,1,0,0,1,0,0,1,0,1,0,0
Jenifer Vedenyakin,1,0,1,0,1,1,0,0,1,1,0,0,0,1,1,1,1,1,1,1,1,1,0,1,1,1,0,0,1,1,0,1,0,1,1,0,1
Inna Mackstead,1,1,1,1,0,1,0,1,0,1,0,0,0,0,1,0,0,0,0,0,0,0,1,0,1,0,1,1,0,1,0,1,1,0,0,0,1
Aldon Bellee,1,0,0,0,0,0,0,1,1,1,0,0,0,0,1,1,0,1,0,1,0,1,1,0,1,1,0,1,0,0,1,0,0,1,0,1,1
Ermina Berks,0,1,1,0,0,1,1,0,1,1,0,0,0,1,1,0,0,1,0,1,1,0,1,1,0,0,1,0,1,1,1,0,0,0,1,1,0
Zebedee Cureton,0,0,1,0,0,0,1,1,1,1,0,1,0,1,0,0,1,0,0,1,0,1,1,1,1,1,1,0,1,0,1,0,1,0,0,1,1
Casi Taplin,0,0,0,0,1,0,0,0,0,1,1,0,0,0,1,1,1,0,0,1,1,1,1,0,1,0,1,0,1,1,0,1,0,0,0,0,0
Abdul Crew,1,0,1,1,1,0,0,1,0,0,0,1,1,1,0,1,0,0,1,1,1,0,1,0,1,1,0,0,1,0,1,0,0,0,1,1,1
Elke Enterlein,0,1,1,1,0,0,1,1,1,1,1,0,1,1,0,1,0,1,1,0,0,0,1,0,0,0,1,1,0,1,1,0,0,0,1,1,1
Ralf Killner,0,0,0,0,0,1,0,0,0,1,0,0,1,0,1,0,1,0,0,1,1,1,0,0,1,0,0,1,1,0,1,1,0,1,0,0,0
Eulalie Limprecht,1,1,1,0,1,1,1,1,0,1,0,1,0,0,0,0,0,0,1,0,0,1,0,0,0,1,0,0,1,1,0,0,0,1,1,0,0
Matty Hallen,1,0,1,0,1,1,0,0,1,1,1,0,0,1,1,1,1,0,0,0,0,0,1,1,0,0,1,0,0,1,1,0,1,1,1,0,1
Fransisco Shotboulte,0,0,1,1,0,1,0,1,1,0,1,0,0,1,1,1,0,1,1,0,1,0,1,0,0,1,1,1,0,1,1,0,0,1,1,1,1
Donnie Cronshaw,1,1,0,0,0,1,0,1,1,0,0,1,0,0,1,1,1,0,0,1,1,0,1,0,1,1,0,1,0,0,1,0,1,0,0,1,1
Judy Crissil,0,0,1,1,1,0,1,1,0,0,0,0,1,1,1,1,0,1,0,0,0,1,1,0,0,1,0,1,0,0,0,0,0,0,0,0,0
Orson Tigwell,0,0,1,0,0,1,1,0,1,0,1,1,0,1,0,0,1,0,1,0,1,1,1,0,1,1,0,1,1,0,0,1,0,1,1,1,1
Modestia Sahlstrom,1,0,0,1,1,0,0,1,0,1,1,0,0,0,0,1,1,0,0,1,0,0,1,0,1,1,0,0,0,0,0,1,1,0,0,1,0
Vicki Norris,1,0,1,1,1,0,0,0,0,1,1,0,1,0,0,0,0,1,1,0,0,0,0,1,1,1,1,0,0,1,0,1,0,0,1,1,1
See Mariotte,1,0,1,1,0,0,1,1,0,1,1,1,1,1,1,1,1,1,1,1,1,0,0,0,1,1,1,0,0,0,1,1,0,1,0,1,0
Nerti Blumer,1,1,1,1,1,1,0,0,1,0,0,1,1,1,1,0,1,0,1,0,1,1,1,0,1,1,1,0,0,0,0,0,0,0,1,0,1
Orv Badam,1,0,1,0,1,1,0,0,0,0,0,1,1,1,1,0,0,0,0,1,1,1,0,0,0,1,0,0,1,0,0,0,0,0,1,0,0
Nessie Grayling,0,1,1,1,0,1,0,0,1,1,1,1,0,1,1,0,0,1,0,0,0,0,0,1,0,1,0,0,0,0,0,0,0,1,0,1,1
Florry Cleeton,1,1,0,0,1,1,0,0,1,0,1,0,1,1,1,1,0,0,1,0,1,0,0,0,1,1,0,0,1,0,0,1,0,0,1,1,1
Kendricks Summerlee,0,1,1,1,0,1,0,1,0,1,1,1,1,1,1,1,1,1,1,1,0,1,0,0,0,1,1,1,0,1,0,1,1,0,0,0,1
Gilbertine Navaro,0,0,1,0,0,1,1,1,0,0,1,0,0,0,1,1,1,1,0,1,0,0,1,1,1,1,1,1,1,0,1,1,1,0,0,0,1
Farica Brevitt,1,0,0,1,0,0,1,1,0,0,1,1,0,1,1,1,1,0,1,1,0,0,0,1,1,0,1,0,0,0,0,1,1,0,0,0,0
Enrika Goulder,0,0,0,0,0,1,1,0,1,1,0,0,1,0,0,0,0,0,1,0,1,1,1,1,0,1,1,0,1,1,0,0,0,0,0,1,0
Kass Cristobal,0,1,0,1,0,1,0,0,1,1,1,0,1,1,0,0,1,0,1,1,1,0,1,1,1,0,0,1,1,0,1,1,0,1,1,0,1
Alejandra Ormonde,1,0,0,0,1,1,0,1,0,0,0,1,0,1,0,1,1,1,1,1,1,1,1,1,1,0,1,1,0,1,1,0,0,1,1,1,0
Joyous Ollivierre,1,1,0,0,0,0,0,0,0,1,0,1,1,0,1,0,0,1,1,1,1,0,1,1,0,1,0,0,1,0,0,0,0,0,1,0,1
Briggs Portch,0,1,0,1,1,1,0,0,1,1,1,1,1,0,0,1,0,1,1,1,1,1,0,1,1,0,1,1,0,0,1,0,0,1,0,1,0
Hobart Arnaez,0,1,1,1,0,0,0,0,0,1,1,1,0,0,1,1,0,0,1,1,0,1,0,1,0,1,0,1,0,0,1,0,1,1,1,0,1
Shepherd Bunny,0,1,0,0,1,1,0,1,1,0,1,1,0,0,1,1,1,1,0,1,1,0,0,1,0,1,0,0,0,1,1,1,0,1,1,1,1
Kippie Dowley,1,1,1,1,0,0,0,1,1,1,0,1,0,0,0,0,1,1,0,0,1,1,1,0,1,0,0,1,0,1,0,1,0,1,0,1,1
Bev Dadge,0,0,1,1,0,0,1,1,0,0,0,0,1,0,1,1,0,1,1,0,1,0,1,1,0,0,1,1,1,1,1,0,0,1,1,1,1
Eward De Laspee,0,1,1,1,1,1,1,0,1,0,0,1,0,1,0,0,0,1,0,1,0,1,0,0,1,0,1,0,1,1,1,0,0,1,1,0,1
Desdemona Geekin,0,1,0,0,0,0,1,0,1,0,1,0,1,0,0,0,1,0,1,1,0,1,0,0,1,1,1,0,0,1,1,0,1,0,0,0,0
Maryjo Whebell,0,1,0,1,0,0,0,0,0,1,0,0,1,1,0,0,0,1,0,1,1,0,1,1,0,1,1,0,1,0,1,0,0,1,1,1,1
Ricky Schwander,0,0,1,0,0,1,0,0,0,0,0,1,1,0,1,0,0,1,1,0,1,0,1,1,1,1,0,1,0,1,1,1,0,1,0,0,0
Teri Mallabone,0,1,0,0,1,1,0,1,1,0,1,1,1,1,0,0,0,0,1,1,0,0,1,1,1,0,1,0,1,0,1,1,0,1,1,0,0
Zachary Sherme,0,1,0,1,1,1,0,0,1,1,0,0,0,1,0,0,1,1,1,0,0,1,0,1,1,0,1,0,0,0,1,1,0,0,1,0,1
Caril Jeremaes,1,1,0,0,0,0,1,1,1,0,1,0,0,0,1,1,1,1,1,1,0,1,0,1,0,0,0,0,1,0,1,0,1,1,1,0,0
Carmela Inger,1,0,1,0,0,1,0,1,0,1,0,0,0,1,0,0,0,1,1,1,1,0,0,1,1,0,0,0,0,0,1,0,0,1,0,0,0
Frazer Gemnett,0,1,1,0,0,1,1,1,1,0,1,0,1,1,0,0,1,0,0,0,1,0,0,1,0,0,0,1,1,1,0,1,0,1,1,1,0
Karney Sudron,0,0,0,0,1,0,0,1,1,0,0,1,1,0,0,0,1,0,0,1,0,1,0,1,1,0,1,1,0,1,0,0,1,1,1,1,1
Audra Izakof,1,1,0,1,0,1,1,0,1,0,1,0,1,1,1,1,1,0,0,1,1,0,0,1,0,1,0,0,0,1,1,1,1,0,0,1,0
Rori Endle,1,0,1,0,0,0,0,1,0,1,1,1,0,1,0,0,0,0,1,1,0,1,1,0,0,0,0,0,0,0,0,0,0,0,0,1,1
Barnard Mynett,1,1,1,0,1,1,0,1,0,0,1,1,1,0,0,1,0,0,1,1,0,1,1,1,0,1,0,1,0,0,0,0,0,1,1,1,0
Trudie Cluet,0,0,0,0,0,0,1,0,0,0,0,0,0,0,1,0,0,0,1,1,1,1,1,0,1,0,0,0,1,0,1,1,0,0,0,0,1
Timothy Tilte,1,0,1,0,1,1,1,1,0,1,0,1,1,0,1,0,0,0,1,1,1,1,0,1,1,0,0,0,1,1,0,0,1,1,1,1,1
Ethel Skouling,1,1,1,1,0,0,1,0,1,1,1,0,0,0,1,0,1,1,0,0,0,0,0,0,0,1,0,0,0,1,1,1,0,1,1,0,0
Rafa Fyfe,0,1,0,1,1,0,1,0,1,0,0,0,0,0,0,0,1,1,0,0,1,1,0,0,1,0,1,0,1,1,0,1,1,1,0,0,0
Orland Towsey,1,1,0,1,0,1,0,1,0,1,1,1,1,1,0,1,1,1,1,1,0,1,1,0,1,1,0,0,0,1,0,0,0,0,1,0,0
Darn Carswell,1,1,1,1,1,0,1,0,1,1,0,1,1,1,0,1,1,0,0,1,0,0,1,1,0,0,0,1,0,1,1,0,1,1,0,0,0
Tanhya Schanke,0,0,0,1,1,1,0,1,0,1,1,0,1,1,1,1,0,1,1,0,1,1,1,0,1,1,0,0,0,1,1,0,1,1,0,1,0
Cicily Witch,1,1,1,1,1,0,1,1,0,1,1,1,1,0,1,1,0,1,1,0,1,1,0,0,1,0,0,0,0,0,1,0,1,1,1,0,1
Raleigh Bourbon,0,0,1,0,0,0,0,0,0,1,0,1,0,1,1,0,0,1,1,1,0,1,1,0,0,0,1,0,0,0,0,1,1,0,0,1,1
Aldridge Gehrtz,1,1,0,1,0,1,0,0,1,1,0,1,0,0,1,1,0,1,0,0,1,0,1,1,0,0,0,0,0,1,0,0,0,1,1,1,0
Rooney Simeone,0,1,1,1,0,0,0,1,1,0,1,0,0,1,1,0,0,0,0,0,0,1,0,0,1,1,0,0,1,0,0,1,1,1,1,1,1
Nickolas Piner,1,1,0,0,1,0,0,1,0,0,1,0,1,1,1,0,0,0,0,1,0,1,1,1,1,1,1,0,1,1,1,0,1,0,0,0,1
Deeanne Cushion,0,1,1,1,1,1,0,1,1,1,1,0,0,0,1,1,1,0,1,0,0,1,1,1,1,0,0,0,0,1,0,0,1,1,1,0,1
Gay Cucuzza,1,0,1,1,0,1,1,0,1,0,1,0,0,0,1,0,1,0,1,1,1,0,0,1,1,1,1,1,0,1,1,1,1,0,1,1,0
Crista Vinck,0,0,0,1,0,1,0,1,0,0,0,0,0,1,1,0,1,0,0,1,0,0,0,1,1,0,1,0,1,0,0,0,1,1,0,0,1
Bridgette Colliar,0,0,0,0,1,1,1,1,1,0,0,1,0,0,0,1,1,1,0,1,1,0,0,0,0,1,1,1,0,1,1,0,0,1,1,0,0
Crystal Zorn,0,1,1,1,0,0,1,1,1,1,1,0,0,1,1,0,1,1,1,1,1,1,0,0,1,1,1,0,1,1,0,0,1,0,1,0,0
Margaret Pally,1,0,0,0,1,1,1,0,0,1,1,0,1,1,0,0,0,0,1,1,0,1,1,1,1,1,1,0,0,1,1,1,1,0,1,1,0
Pattin Partener,0,1,0,0,1,1,0,0,0,1,0,0,1,1,0,0,1,1,0,0,1,1,1,0,0,1,1,1,1,0,0,0,0,0,0,0,0
Elana Kik,1,0,1,0,0,0,0,0,1,0,0,0,1,1,0,1,1,0,1,0,0,1,0,1,1,0,1,1,1,0,1,0,1,0,1,0,1
Kelly Lukins,1,1,1,1,0,0,0,0,1,1,0,1,1,0,0,1,0,0,1,1,0,0,0,1,0,0,1,1,1,1,1,0,1,1,0,1,1
Nedda Hassell,0,0,0,1,1,0,0,0,1,0,1,1,1,0,1,0,1,1,0,0,0,1,1,0,0,0,0,1,1,0,0,1,0,0,1,1,0
Amandi ffrench Beytagh,1,1,1,0,0,0,1,0,1,0,0,1,0,0,1,0,0,0,0,1,1,1,0,1,1,0,0,1,1,1,0,1,0,1,1,0,1
Carrie Yeliashev,0,0,1,0,0,0,1,1,0,0,0,0,1,1,0,0,0,0,0,0,1,0,1,0,0,1,0,1,1,1,0,0,0,0,1,1,1
Emery Colls,0,0,1,0,0,0,0,1,0,1,1,1,1,0,0,0,1,1,0,1,0,1,0,1,1,1,0,1,1,0,0,0,0,0,0,0,0
Kattie Eaden,1,1,1,1,1,1,0,1,0,1,0,1,0,0,1,0,0,1,1,0,0,0,1,1,0,0,1,1,0,0,0,0,1,1,1,0,0
Shannon Apthorpe,1,0,0,0,1,1,1,1,1,0,1,0,0,0,1,0,0,1,0,1,0,1,1,0,1,0,1,0,1,0,0,1,1,0,1,1,0
Annabela Eby,1,1,1,1,1,1,1,0,1,1,0,0,1,1,0,0,1,1,1,0,1,1,1,1,1,0,0,1,1,0,0,0,1,0,0,1,1
Irene Fairall,0,1,1,1,1,0,1,1,1,0,1,0,0,1,1,1,1,0,1,1,0,1,0,1,0,1,1,1,1,0,1,1,1,0,1,1,0
Valentine Jiruch,0,0,1,0,0,0,0,1,0,0,0,1,0,0,0,0,0,1,0,1,1,1,0,0,1,1,0,1,0,1,0,0,1,1,1,0,1
Johannes Santhouse,0,0,0,1,0,0,0,1,0,0,0,0,1,1,0,0,1,0,0,1,0,0,1,0,0,0,0,0,0,1,1,0,0,0,0,1,0
Jobi Cronchey,1,1,0,0,0,1,1,1,1,1,0,1,1,1,1,0,1,1,1,0,1,1,0,0,1,0,0,0,0,1,1,1,0,1,1,0,1
Loni Callow,0,0,1,0,1,0,0,1,0,0,1,1,1,0,1,0,0,1,1,0,0,1,1,1,0,1,0,1,1,0,1,0,1,1,0,1,0
Fraze Bartolacci,1,1,0,0,1,1,1,1,1,1,0,1,0,1,0,1,1,0,1,1,1,0,1,1,0,0,1,0,1,0,0,0,0,1,1,0,1
Viole Grewar,1,1,1,0,0,1,1,0,0,1,0,0,0,1,1,0,1,1,1,1,0,1,1,0,0,1,1,0,0,0,0,0,0,0,0,0,1
Tarrah O' Finan,0,1,1,0,0,1,1,0,1,0,1,1,0,0,0,1,1,1,0,1,0,0,0,1,0,0,1,0,1,0,0,1,1,0,1,1,1
Milzie Gres,1,0,1,0,0,1,1,0,0,0,0,1,1,1,1,0,0,1,0,1,0,0,1,1,0,1,1,1,0,1,1,0,1,0,0,1,0
Hilda Elsmore,0,1,0,1,1,0,1,1,1,1,1,0,0,1,0,1,0,0,0,1,0,1,0,1,1,0,1,1,1,0,0,1,0,0,1,0,0
Faustine Torrance,1,0,1,1,1,1,0,1,1,1,0,1,0,1,1,0,1,0,1,0,1,0,1,0,0,0,0,0,1,1,1,1,0,0,1,0,1
Pip Gossage,0,1,1,1,1,1,0,1,1,0,0,1,1,1,0,1,0,1,0,0,0,1,0,0,0,1,1,0,0,0,0,0,1,0,0,0,0
Renie Whittuck,0,0,1,1,0,0,1,0,0,1,1,1,0,1,0,1,0,1,0,0,1,0,0,1,1,1,0,0,0,0,1,1,1,1,0,1,0
Abagael Gatenby,1,1,1,0,1,0,0,0,1,1,0,0,1,1,0,0,1,0,0,0,1,0,1,0,1,0,1,1,1,1,0,0,1,0,0,1,0
Weston Denley,0,0,1,0,0,0,0,1,1,1,1,1,0,0,1,1,0,1,0,1,0,0,1,0,0,0,1,1,0,0,0,1,1,0,0,0,0
Miles Sharp,0,0,0,0,0,0,0,1,0,0,0,1,0,0,0,0,1,1,1,0,1,0,1,0,0,1,1,0,0,1,0,0,1,1,0,1,1
Jacquette McVee,0,0,0,0,1,0,0,0,1,0,1,0,1,0,1,1,0,1,0,0,0,0,0,0,0,1,0,0,1,0,0,0,1,1,0,0,1
Polly Mulmuray,1,1,1,0,0,0,1,1,1,0,0,1,0,1,1,0,1,1,0,1,0,1,0,0,1,0,1,1,1,0,1,0,1,0,0,0,0
Roby Randals,0,0,0,0,1,0,0,1,0,0,0,1,1,0,1,0,1,1,1,0,1,0,1,0,1,0,1,0,1,0,1,1,0,1,1,0,1
Shaylah Menezes,1,1,0,0,1,1,1,1,1,0,0,0,0,1,0,1,1,1,1,0,0,0,0,0,0,0,0,1,0,1,0,1,1,0,1,1,0
Arlina Mattei,0,0,1,1,0,0,1,0,1,0,1,0,1,1,1,1,0,0,1,0,1,0,1,1,0,1,1,0,1,0,1,0,1,1,0,1,1
Wallace Diviny,0,1,1,0,1,0,0,0,1,1,1,0,1,0,1,0,1,1,0,1,0,0,1,1,1,0,0,0,0,1,1,1,1,0,1,1,1
Golda Shelborne,1,1,1,0,0,1,1,0,0,0,1,1,0,1,0,0,0,0,0,1,0,0,0,0,0,0,0,1,0,1,1,1,1,0,1,0,1
Holly MacCall,1,0,1,0,1,1,0,1,1,0,0,0,0,1,1,1,0,0,0,1,1,0,0,0,1,1,0,1,1,1,1,0,1,1,0,1,1
Mariellen Leroux,0,0,0,0,0,1,1,0,1,1,1,1,0,1,0,1,0,1,0,1,0,1,1,1,1,1,1,0,0,0,1,1,0,0,1,0,0
Ingaborg Worsfold,0,1,1,0,0,1,0,1,0,0,1,0,0,1,0,1,0,1,1,0,0,0,0,1,0,1,0,1,0,0,0,1,0,1,0,0,0
Gino Siviter,0,1,1,1,0,1,0,0,1,1,1,0,1,0,0,1,1,1,0,1,1,0,1,0,0,1,1,1,0,1,0,1,1,0,0,1,0
Rosanna Selliman,1,0,0,0,1,0,0,0,0,1,0,0,0,0,1,1,0,1,0,0,1,1,0,0,1,1,1,0,0,1,1,0,0,1,1,1,1
Esta Bedin,0,1,1,0,0,0,1,1,0,0,0,1,0,0,1,1,1,0,1,1,1,0,0,1,0,1,1,1,1,1,1,0,1,0,1,1,0
Danika Slocombe,0,0,0,0,1,1,0,0,1,0,1,0,1,1,1,1,0,1,1,1,1,1,0,1,1,0,0,0,1,1,0,1,0,1,0,1,1
Pepito De Fraine,1,0,0,1,1,1,1,0,0,1,0,1,1,1,0,0,0,0,0,0,1,1,1,0,0,0,0,0,1,1,0,1,0,0,0,1,0
Barde Duckfield,0,1,0,0,0,0,0,1,0,1,1,0,0,0,1,0,1,0,1,0,0,1,0,0,1,1,1,0,0,1,0,0,0,0,1,1,0
Larina Camlin,0,1,0,0,1,0,0,1,0,0,0,0,1,0,1,0,0,1,1,0,1,1,0,0,0,0,1,0,1,0,0,0,0,1,0,0,0
Jana Goodyer,1,1,0,0,0,0,1,1,0,0,0,0,0,1,1,1,1,0,0,1,1,1,0,1,1,1,1,0,1,1,1,0,0,1,1,0,0
Alfred Clayhill,1,1,1,1,0,1,0,1,1,0,0,0,0,0,0,1,1,0,0,0,1,1,0,0,0,0,1,1,0,0,1,0,0,1,0,1,1
Neddie Towle,0,1,0,1,1,0,1,1,1,0,1,0,1,0,1,0,1,0,0,0,1,0,0,0,0,0,1,0,1,0,0,1,0,0,0,0,0
Robinia Cessford,0,0,0,1,0,0,0,0,1,0,0,1,1,1,1,0,1,1,0,1,0,1,1,1,1,0,0,1,0,1,1,0,0,1,0,1,0
Ellery Langtree,0,0,1,1,1,1,1,0,0,1,0,0,1,0,0,1,1,0,0,1,0,1,0,1,1,0,1,1,1,1,1,0,0,0,0,0,0
Sayers Gillebert,0,1,1,0,1,1,1,0,0,1,1,1,1,0,0,0,0,1,1,0,1,0,0,1,1,0,1,1,1,0,1,0,0,1,0,1,1
Conrad Maddinon,0,0,0,1,1,0,1,0,1,1,0,0,0,1,0,1,1,1,0,1,0,1,1,0,0,0,0,0,0,1,1,1,0,1,1,0,0
Olivia Higounet,1,0,1,1,0,0,0,1,0,0,0,0,0,0,0,1,1,0,0,1,1,1,0,0,1,0,1,1,1,1,0,0,1,1,0,0,1
Crosby Whatley,1,0,0,1,0,1,0,0,1,1,1,1,0,1,0,1,1,0,1,1,0,0,1,1,1,0,1,1,0,1,0,1,0,1,1,0,0
Alfonse Nolda,0,0,0,1,1,0,0,0,0,0,0,0,0,1,0,0,1,0,0,0,1,0,1,1,0,0,1,0,0,0,0,0,1,0,0,0,0
Sheelagh Wrefford,1,1,1,1,1,0,0,0,0,0,1,1,0,0,1,1,1,0,1,1,1,0,1,0,1,1,1,0,1,1,0,0,0,0,1,0,0
Hillary Kahan,0,1,0,0,1,1,1,0,0,1,1,0,0,1,0,1,1,0,1,1,1,0,0,1,0,0,0,1,0,0,1,1,0,1,1,1,1
Lanette Tarn,1,0,1,1,1,0,1,1,1,0,0,1,1,1,0,1,1,1,0,0,1,1,0,0,0,1,0,0,1,0,1,1,0,0,1,0,1
Launce Chelley,0,0,0,0,1,0,1,1,1,1,0,1,1,1,1,0,0,0,1,0,0,0,0,0,1,0,1,1,1,0,0,0,0,0,0,1,0
Latia Egel,0,0,1,1,1,0,0,1,1,0,1,1,0,0,1,1,0,1,1,1,0,1,0,0,0,1,1,0,1,0,0,1,0,0,0,1,0
Dolorita Tackley,1,1,1,0,1,1,1,1,1,0,0,0,1,1,0,0,0,1,0,0,1,0,0,0,1,1,1,0,0,0,1,1,1,0,0,0,1
Bibby Briggs,1,1,1,0,0,1,1,0,1,0,1,0,1,0,1,0,1,1,0,0,0,1,1,0,0,1,0,1,1,1,0,0,0,1,1,0,1
Nikolaus Huggins,0,1,1,1,1,1,0,0,1,0,0,0,1,0,1,1,0,0,1,0,1,0,1,1,0,1,0,0,0,0,0,0,0,0,0,0,1
Tish Putt,1,1,1,0,1,1,1,1,1,0,1,1,1,1,0,0,0,0,0,1,0,1,1,0,1,0,0,0,0,0,0,1,0,0,1,1,0
Major Dredge,1,1,1,0,0,1,0,1,1,0,0,1,0,1,1,1,0,1,0,1,1,1,0,1,1,0,1,1,1,0,0,1,1,0,1,1,1
Kimbra Rozalski,1,0,0,0,1,1,1,0,0,1,0,1,0,1,1,0,1,1,1,1,1,0,0,0,0,0,0,0,1,1,0,0,1,0,0,1,1
Morlee Manuele,0,0,1,0,1,0,0,0,1,1,1,1,1,0,1,1,0,0,0,1,1,1,0,0,0,0,0,1,1,1,1,1,0,0,1,1,0
Lana Bartoloma,1,1,0,1,1,1,0,0,0,0,0,0,1,0,1,0,1,1,1,0,1,0,0,1,1,0,0,1,0,1,0,1,0,1,1,0,1
Geno Growden,1,1,1,1,1,1,0,0,0,0,1,0,1,1,0,1,0,0,1,0,0,0,0,1,0,1,0,1,0,0,1,0,1,0,1,0,1
Matthus Marian,1,1,0,0,0,1,1,0,0,0,1,1,1,1,1,1,0,0,0,1,1,1,0,1,0,0,0,1,1,1,1,1,1,0,0,1,1
Yulma Clitsome,1,1,1,0,0,0,1,1,1,1,0,0,1,1,0,0,0,1,1,1,1,1,0,0,0,0,0,0,0,1,0,1,1,1,0,1,0
Alyse McCrisken,1,1,0,0,1,0,0,1,1,1,0,1,0,1,0,0,0,0,0,0,0,1,1,0,0,0,1,1,0,0,0,1,1,1,1,0,0
Lionello Nend,0,1,1,1,1,0,1,0,1,1,0,1,0,1,0,1,1,0,1,1,1,1,0,0,0,1,0,0,1,1,1,1,0,1,1,0,1
Farah Jordine,1,0,1,1,1,0,0,1,0,1,1,0,1,0,0,1,1,0,1,1,1,1,1,0,1,0,1,0,1,1,0,1,1,0,0,0,0
Eirena Balke,1,0,1,0,0,1,1,1,1,0,1,1,0,0,0,0,1,0,1,1,0,0,1,0,0,1,0,0,1,1,1,0,0,0,0,1,0
Gayla Pawlowicz,1,1,1,0,1,1,1,1,0,0,0,0,1,0,0,1,1,1,0,0,0,1,0,1,1,0,0,1,0,1,0,1,0,0,1,0,1
Jammie Esparza,0,0,0,0,0,0,1,0,0,0,1,0,1,1,0,0,1,0,1,0,0,1,0,0,0,0,0,1,0,0,1,1,0,0,0,0,0
Cathi Prew,1,0,0,0,0,0,1,0,0,0,1,1,0,1,1,1,1,1,0,1,1,0,1,0,0,0,1,1,0,1,1,0,0,0,0,1,0
Shannah Jedrys,1,1,0,1,1,1,1,1,1,1,1,1,0,0,0,0,1,1,1,0,0,0,0,0,1,0,0,0,1,0,1,0,1,1,0,0,0
Evan Larwood,1,1,1,0,0,0,1,0,1,0,1,1,0,0,0,1,1,1,0,0,1,0,0,0,0,0,1,1,1,0,0,1,1,1,1,0,1
Morgen Geibel,1,1,0,0,0,0,0,1,1,0,1,1,1,0,1,1,0,0,1,1,0,1,0,1,0,0,1,1,0,0,0,1,0,1,0,0,0
Townsend Willoway,1,1,0,1,0,1,0,1,0,0,0,0,1,1,1,0,0,1,0,1,0,1,1,0,0,1,0,1,0,1,0,1,1,0,0,1,0
Stafani Spatarul,1,1,0,1,0,0,1,0,1,0,0,1,1,1,0,0,1,1,0,0,1,1,1,1,0,0,0,1,0,0,1,1,1,0,0,1,0
Aubrey Bartoletti,0,1,1,1,1,0,0,0,1,0,1,1,0,0,0,1,0,0,0,0,1,1,0,0,1,0,1,0,0,0,1,1,0,0,1,0,1
Tye McManamen,0,1,0,0,0,0,0,0,1,0,0,0,0,1,1,0,0,1,1,0,1,0,1,0,1,1,0,0,0,1,0,0,1,1,1,0,0
Ringo Moger,0,1,0,1,0,1,0,0,0,0,1,0,0,0,0,1,0,1,1,1,1,0,1,1,0,0,1,0,0,1,0,0,1,1,1,0,1
Edmon Scoggins,0,0,0,1,1,1,0,0,1,0,0,1,1,1,1,0,0,0,1,0,0,0,0,0,1,1,1,1,0,1,1,0,0,0,0,1,1
Licha Hughs,0,0,0,0,0,1,1,1,0,1,0,0,0,1,0,0,1,1,1,1,1,0,1,1,1,0,0,0,0,0,1,1,0,0,1,1,0
Darlene Headingham,0,1,1,1,0,0,0,0,0,0,0,1,0,0,1,0,1,0,0,0,0,1,1,0,0,0,1,0,0,1,1,1,1,1,1,1,0
Gabrila Gaine of England,0,0,0,0,0,0,1,1,1,0,1,1,1,0,1,1,1,1,0,1,1,0,1,0,1,0,0,1,0,1,1,0,1,1,1,1,0
Vernice Wayland,0,0,0,1,1,1,1,1,1,1,0,1,0,0,1,1,0,0,1,0,1,0,0,1,1,1,1,1,0,0,1,1,1,1,1,0,0
Lukas Sneezem,0,1,0,1,1,0,1,0,0,0,0,1,0,0,0,1,1,1,1,0,0,0,1,0,0,0,0,0,0,0,0,1,1,0,0,0,0
Doralyn Cruxton,1,0,0,0,0,1,1,0,1,1,1,0,1,0,0,0,0,0,1,0,0,0,0,0,0,0,1,0,1,1,1,1,0,0,1,1,1
Ellene Gooms,0,0,0,0,1,0,0,0,0,0,0,0,0,0,1,0,0,1,1,0,1,0,1,1,1,1,1,1,1,0,0,0,1,1,1,0,0
Selene Jordison,0,0,0,0,0,0,0,0,1,0,0,0,0,1,0,0,1,1,0,1,1,1,1,0,1,0,0,0,0,0,0,1,0,1,1,1,0
Hinda Luckin,1,0,1,0,1,1,1,1,0,1,1,1,0,0,0,0,1,1,0,0,1,1,1,0,0,1,0,0,1,1,1,0,1,0,1,1,1
Angela Coales,0,1,0,1,0,1,0,1,1,0,1,0,0,0,1,0,1,1,1,0,1,0,0,0,0,1,1,1,1,1,0,0,1,1,1,0,0
Barton Bethune,1,0,0,0,0,1,0,1,0,0,1,0,1,1,1,1,1,1,0,1,0,0,1,0,1,1,1,1,0,1,1,1,0,0,1,0,0
Weston Courtonne,1,1,1,1,1,1,0,0,0,1,1,0,1,0,1,1,0,1,1,1,0,1,1,1,1,1,1,0,0,0,1,1,1,1,1,0,1
Janot Moylane,1,1,1,1,0,0,0,0,0,1,1,0,0,0,0,0,0,0,0,0,0,0,1,0,1,0,0,0,0,1,0,1,1,1,1,0,1
Hendrik Arnott,0,1,1,1,0,1,0,1,0,1,1,0,1,0,0,1,0,0,1,0,1,1,0,1,1,0,0,1,1,1,0,1,0,1,1,1,1
Charline Joslow,1,0,0,1,0,1,1,0,1,0,0,0,1,1,1,0,1,1,1,0,1,1,1,0,1,0,0,0,0,0,1,0,1,0,0,1,0
Debor Alwood,1,1,0,0,1,1,0,0,0,0,0,0,0,1,0,1,0,0,0,1,0,1,1,1,0,0,0,0,1,0,1,0,1,1,1,0,1
Marline Sproat,0,1,0,1,0,1,1,1,1,0,0,0,1,1,0,1,1,0,1,0,0,1,1,1,0,1,0,1,0,1,0,1,1,0,1,1,0
Jacquelin Trematick,1,0,1,1,1,1,1,1,1,0,0,0,1,0,1,1,0,1,1,1,0,1,0,1,1,1,0,1,0,0,1,1,1,0,1,1,1
Brandie Demougeot,0,0,0,0,0,1,0,1,0,1,1,0,1,0,1,1,0,0,1,1,1,1,1,1,0,1,0,0,1,0,0,1,1,0,0,0,1
Petr Elington,0,0,0,0,1,0,1,0,1,0,0,1,0,0,1,0,0,0,1,1,1,0,1,0,1,0,0,1,1,0,1,1,0,0,1,0,1
Keelby Biggen,0,1,0,0,1,1,1,1,1,0,1,1,1,0,1,0,1,0,1,1,0,0,0,0,1,0,0,0,0,0,0,1,1,0,1,1,1
Jilleen Hulstrom,1,0,1,1,0,1,0,1,0,0,0,1,1,1,0,1,0,1,1,1,0,0,1,1,1,1,1,0,1,1,1,1,1,0,0,1,0
Sauveur Daveridge,1,1,1,0,1,0,1,1,0,0,1,1,0,1,1,0,0,0,1,0,0,0,0,1,1,1,0,0,0,0,1,1,1,1,1,1,0
Flore Pharoah,0,0,1,0,1,1,1,1,0,0,0,0,0,0,1,0,0,0,1,0,0,0,0,1,0,0,1,1,1,1,1,1,0,1,1,1,0
Isaak Glanz,1,1,0,0,1,0,1,0,1,1,0,1,0,0,1,0,0,0,0,0,0,0,1,1,1,0,0,1,0,0,0,0,1,1,0,0,1
Cash Tryme,1,0,0,0,0,0,1,0,1,0,1,0,1,1,1,1,1,0,0,1,0,0,1,1,1,1,0,1,0,1,1,0,1,0,1,0,0
Wilmer Bottoms,0,0,0,0,1,0,0,1,1,1,0,0,0,0,1,1,0,0,0,1,0,1,1,0,0,0,1,0,1,1,0,0,1,0,1,1,1
Barnett Charlo,1,1,1,1,0,0,0,0,1,0,1,1,0,0,1,0,0,0,1,0,0,0,1,0,0,0,1,1,0,0,1,1,1,1,0,1,1
Kendra Langtry,0,1,0,0,1,0,0,1,1,0,0,0,0,0,1,0,0,0,0,0,0,1,1,1,0,0,1,1,0,0,0,0,0,0,1,0,0
Vinni Kennifeck,1,0,1,0,1,0,1,0,0,0,0,0,1,0,1,0,1,0,0,0,0,0,0,1,1,1,0,0,0,1,1,0,0,0,0,1,1
Gretal Gooble,1,0,1,0,0,1,1,1,0,0,1,1,1,0,1,0,0,1,1,0,0,1,1,1,1,0,0,1,1,1,1,0,0,0,1,1,0
Loren Phil,1,1,0,1,1,1,1,0,0,0,0,0,1,1,0,1,1,1,1,0,0,0,1,0,1,0,1,1,1,1,0,1,1,0,0,1,0
Reggis Sprigings,1,0,0,0,0,1,0,0,0,1,0,0,0,1,0,0,0,1,0,1,0,1,1,1,1,1,1,0,1,0,1,1,0,0,1,0,0
Yolanda Kalvin,0,1,1,0,0,1,1,1,1,1,1,1,1,0,1,0,1,0,1,0,1,1,0,0,1,0,1,0,1,1,1,1,0,0,1,1,0
Edeline Faichney,0,0,1,1,1,1,0,0,0,1,0,0,1,1,1,0,0,0,0,1,1,1,0,0,0,0,0,1,1,0,1,0,0,0,0,0,1
Harper Matyushenko,0,1,0,0,1,1,1,1,1,0,1,1,1,0,0,1,1,1,0,1,1,0,0,0,0,1,0,1,0,0,1,1,0,0,1,0,1
Angelica Gilmartin,0,1,0,0,1,0,0,1,1,0,1,1,0,1,1,0,0,1,1,1,1,1,0,0,1,0,0,1,0,1,1,0,0,1,0,1,1
Madelena Houten,1,1,1,0,1,1,1,0,1,0,1,1,0,0,1,0,0,0,0,1,1,0,0,0,1,0,1,0,0,0,1,1,0,0,0,0,0
Gaylor Hasted,0,1,0,0,1,0,0,0,0,1,0,1,1,0,0,0,1,0,0,0,1,0,1,1,0,0,1,1,1,1,1,1,0,1,1,0,1
Conn Benkhe,0,0,1,0,1,1,0,0,0,0,0,0,1,1,0,0,0,0,1,1,1,0,1,0,1,0,1,0,0,1,1,0,0,0,0,0,1
Darci Stichall,1,0,1,0,1,0,1,1,0,1,1,0,0,1,1,1,1,0,1,0,1,0,0,1,1,1,0,1,0,1,0,1,1,0,0,1,1
Joaquin Jiroutek,1,0,0,1,0,0,0,0,1,1,0,0,1,0,1,0,0,0,0,0,0,0,1,0,1,0,1,1,1,0,0,0,0,1,1,1,0
Christiane Gosart,0,0,1,0,0,1,0,0,0,0,1,0,1,0,1,0,0,0,0,1,0,1,0,0,0,0,0,0,0,1,1,0,0,1,0,0,1
Caryl Retchless,1,0,0,0,1,1,0,1,1,1,1,1,1,1,0,1,0,0,0,0,1,1,1,1,0,1,1,0,0,0,0,0,1,0,1,0,1
Emelda Matteo,1,1,0,1,1,0,0,1,0,0,1,1,0,0,0,0,0,0,0,0,1,0,1,1,1,0,0,0,0,1,0,1,1,1,1,0,0
Fernanda McSwan,0,0,0,0,0,1,1,0,0,1,0,0,0,1,0,1,0,1,1,0,0,0,1,0,1,1,1,0,0,0,1,1,1,1,0,0,0
Rickard Cranidge,1,1,0,1,1,0,0,1,0,0,1,0,1,1,0,0,0,0,1,0,1,0,1,1,1,0,1,1,0,1,1,1,1,0,0,1,0
Cos Peiro,1,1,1,0,1,1,1,1,0,0,0,0,0,0,1,1,1,0,0,1,0,0,0,1,0,0,0,0,0,0,1,0,1,0,0,0,1
Catherine Koomar,1,1,1,1,1,1,1,0,1,0,0,1,0,0,1,1,0,0,0,0,0,0,1,1,0,0,1,1,0,1,0,0,0,0,0,1,1
Heath Dawtrey,0,1,0,0,1,0,1,0,1,0,1,1,0,0,0,1,0,1,0,0,0,0,0,1,0,0,1,0,0,1,0,1,0,1,1,1,1
Melisent Lockhart,0,0,0,1,1,0,1,0,0,0,0,0,1,0,1,1,1,1,0,1,0,0,0,1,0,0,0,1,0,1,1,1,1,1,0,0,1
Shawn Burfield,1,1,0,0,0,1,1,0,1,1,0,1,1,0,1,0,0,0,0,1,0,1,1,1,1,0,1,0,0,0,0,1,0,0,0,0,1
Chad Pietroni,1,1,0,0,0,0,0,1,0,0,1,0,0,0,1,0,1,1,0,1,1,1,1,0,0,1,0,1,1,1,0,1,1,1,1,0,1
Amble Vardy,0,1,1,1,0,1,1,0,1,1,0,0,0,1,1,0,1,0,0,1,1,1,0,0,1,0,1,0,0,0,1,1,0,1,1,0,1
Judy Bondley,1,1,0,0,1,0,1,1,1,1,1,1,0,0,0,1,1,0,1,0,0,1,0,0,1,1,1,1,0,0,1,0,0,1,1,1,1
Gleda Pardal,0,0,0,0,1,0,1,0,0,1,1,1,1,1,1,1,0,0,0,0,1,0,1,0,0,1,1,1,1,1,0,1,1,1,0,0,1
Ody Pickersgill,1,1,1,1,0,1,0,1,0,1,0,1,1,0,1,0,0,1,0,1,1,1,1,1,1,1,1,0,1,0,1,1,0,1,1,1,0
Archer Ainsby,0,1,1,0,0,0,0,1,1,0,0,1,1,1,0,1,0,1,1,0,0,0,1,1,1,0,0,0,1,1,1,0,1,1,1,0,0
Phylys Heilds,0,1,0,0,0,1,0,0,1,1,0,1,1,0,1,1,1,0,0,0,1,1,1,1,0,1,1,1,0,1,1,0,1,1,0,1,1
Rubia Everson,0,0,1,0,1,0,0,0,0,0,1,1,1,0,1,0,1,1,0,0,1,0,0,1,0,0,0,0,0,1,0,1,1,0,1,0,0
Janeta Jannex,0,0,1,0,0,0,1,0,1,0,0,0,1,0,1,1,1,0,1,1,1,1,0,0,0,0,0,1,1,0,0,0,0,1,0,0,0
Rosemary Bartolomivis,1,0,1,1,1,1,1,1,1,0,0,0,0,0,1,1,0,1,1,1,0,1,1,1,1,0,0,1,0,0,0,0,0,1,1,0,1
Jacquenette Praundl,0,0,1,0,0,0,0,1,1,1,1,1,0,1,0,1,1,1,0,0,1,0,1,0,1,0,0,0,1,1,0,0,0,1,0,1,1
Allx Moulden,0,0,0,1,0,1,0,1,0,1,1,1,1,0,1,1,1,1,1,0,0,1,0,1,1,0,1,0,0,1,0,0,1,0,1,1,0
Ilsa Aysh,0,0,0,1,0,1,1,1,1,0,0,1,0,1,1,1,0,0,1,1,1,1,1,1,0,0,1,0,1,1,0,0,0,1,1,0,1
Doug Hurne,0,0,0,1,0,0,0,0,1,0,0,1,0,1,1,1,1,1,0,1,0,0,0,0,1,0,1,1,0,1,0,1,0,0,1,0,0
Baldwin Simacek,1,0,1,1,0,0,1,0,1,1,1,1,0,0,1,0,0,1,0,1,0,0,0,1,0,1,0,0,0,1,0,1,0,0,1,0,0
Kelly Steet,0,1,0,1,1,0,1,1,0,0,0,0,1,1,0,0,0,1,1,0,0,1,0,0,1,0,0,0,0,1,1,0,0,0,1,1,1
Brigham Chidgey,0,0,1,0,1,0,1,1,0,0,1,1,1,1,0,0,0,1,1,0,1,1,1,0,0,1,1,0,1,1,1,1,0,0,0,0,1
Devland Mehew,1,0,1,1,0,1,0,1,0,1,0,1,1,0,1,0,0,0,1,0,0,0,0,0,0,0,1,1,1,1,0,1,0,0,0,0,1
Genia Grisdale,1,0,1,1,1,1,1,0,0,1,0,1,1,1,0,0,1,1,0,0,1,1,0,0,0,1,0,0,0,1,1,0,0,1,0,0,1
Karol Coatts,0,0,1,1,0,0,0,0,1,0,0,1,0,1,0,0,0,0,0,0,1,1,0,1,0,0,1,1,0,1,1,0,1,0,0,0,1
Ajay Hurn,1,1,1,1,1,1,1,1,0,0,0,0,0,0,1,1,1,1,0,1,0,1,1,0,0,1,0,1,0,1,0,0,1,1,0,0,0
Shamus McMurdo,1,0,1,1,0,1,1,1,0,1,0,0,0,0,0,1,1,1,0,1,1,1,1,0,0,1,1,1,0,1,1,1,1,0,1,1,1
Marion Addison,0,1,1,0,1,1,0,0,1,0,1,0,0,0,1,0,1,0,1,0,0,1,0,0,1,1,0,1,0,0,1,1,0,0,1,0,0
Bobbee Elgy,1,1,0,0,1,1,0,0,0,0,0,0,0,1,1,0,1,0,0,0,0,1,1,0,0,0,1,1,1,1,0,1,0,1,1,1,0
Austine Rioch,1,1,0,1,0,1,1,1,1,0,1,0,1,0,0,0,0,0,1,0,0,1,0,0,0,0,1,1,0,1,1,0,1,0,0,1,1
Imogene Doblin,1,1,1,0,0,0,1,0,1,0,1,1,0,1,0,1,0,0,1,1,0,1,1,0,0,1,0,0,0,0,0,1,0,0,0,0,0
Duncan Blethyn,1,1,1,0,0,0,1,1,1,0,0,0,0,0,0,1,0,0,1,1,1,0,0,0,0,1,1,1,0,0,1,1,1,1,0,1,1
Elsinore Dinnis,0,0,1,1,0,1,0,0,0,0,1,1,1,0,1,1,1,0,1,0,1,0,1,1,0,1,0,1,1,0,1,0,1,0,1,0,1
Elvira Pymer,0,0,1,1,0,0,1,0,1,1,0,0,0,1,1,1,0,0,1,1,0,1,0,0,0,0,1,1,1,0,1,0,1,0,0,1,1
Brita Bayly,0,1,1,0,1,1,1,0,0,0,1,0,0,1,1,1,0,1,1,1,0,1,1,0,1,0,0,1,1,1,0,1,0,1,0,1,0
Bruno Lappine,0,0,0,1,0,1,1,1,0,0,1,1,1,1,0,1,1,1,1,1,0,0,1,1,1,0,1,0,0,0,0,1,0,0,0,1,0
Myra Hindrich,1,0,1,1,1,1,0,1,1,0,0,1,1,0,0,1,0,1,0,0,0,0,0,0,1,1,0,0,0,1,1,0,0,0,0,1,0
Amitie Dressel,0,0,0,1,1,1,1,1,0,1,1,1,1,1,0,1,0,1,1,1,0,0,0,0,0,1,1,1,0,1,0,1,1,1,0,1,1
Karel Villa,0,0,0,0,1,1,1,1,0,1,1,0,1,1,1,0,1,1,1,1,0,1,0,0,1,0,1,0,0,0,1,0,0,0,1,1,1
Maynard Swenson,1,0,1,1,0,1,0,1,0,0,0,1,0,1,0,0,0,0,1,0,1,1,0,1,1,1,0,0,1,0,1,1,0,1,1,1,0
Berny Joerning,1,0,0,0,1,0,0,0,1,0,0,1,0,0,0,0,1,0,0,1,1,1,1,1,1,1,0,0,0,0,1,0,0,1,0,1,1
Ofelia Densun,0,0,0,0,0,1,0,1,1,1,1,1,0,1,0,1,1,0,1,0,1,1,1,0,1,0,0,0,0,1,0,1,0,1,0,0,1
Rickie Castro,0,0,0,1,1,1,1,1,0,0,0,0,1,0,1,0,1,1,1,1,1,0,1,1,1,1,0,1,0,0,1,0,1,0,0,0,0
Hayden Kinnard,1,1,1,0,0,0,0,1,0,1,1,0,1,0,1,1,1,1,0,0,0,1,1,1,0,1,0,0,1,0,0,1,1,1,0,1,0
Ingra Teeney,1,1,1,1,0,0,1,0,0,0,0,0,1,0,1,0,0,1,0,1,1,1,0,1,1,1,0,1,1,0,1,1,0,1,1,1,1
Jilly Giannini,1,0,1,1,1,0,1,0,0,0,0,1,0,0,1,1,1,1,1,1,0,1,0,0,0,1,0,1,1,0,0,1,0,1,1,1,1
Moss Chinn,1,0,1,0,0,0,0,0,0,1,1,0,0,0,0,1,1,0,0,0,1,1,0,1,0,1,1,1,1,1,1,1,1,0,0,1,0
Rayner Helbeck,1,0,0,0,1,0,0,1,0,0,0,0,1,0,1,0,1,0,0,0,0,0,1,1,1,0,1,1,0,1,0,0,1,0,1,1,0
Dyanne Moultrie,1,0,1,1,0,0,1,1,0,0,0,0,1,0,1,0,0,0,0,0,1,0,1,1,0,1,1,0,1,1,1,1,1,1,1,0,0
Artemas Monelle,1,1,1,0,1,1,0,0,1,1,1,0,0,1,0,1,0,0,1,0,1,0,1,0,1,1,0,1,0,1,0,1,0,1,0,0,1
Dehlia Marjanski,0,0,1,1,1,0,1,0,0,1,0,0,1,1,0,0,1,1,1,1,1,0,0,0,0,0,0,1,0,1,0,1,0,0,1,1,0
Consuela Jurgenson,0,1,1,0,1,1,0,1,0,0,1,1,0,1,1,1,0,0,0,1,0,0,1,0,0,0,1,1,1,0,0,0,1,0,0,0,0
Karlan Gommowe,1,1,1,0,1,1,0,0,0,0,1,0,0,0,0,1,0,0,0,1,0,1,0,1,0,1,1,1,1,1,0,0,1,1,1,1,1
Erma Sargeant,0,0,1,0,0,0,1,0,0,1,1,1,0,1,1,1,0,0,0,1,0,1,0,0,1,0,0,1,0,0,1,1,1,1,0,0,1
Lexi Levis,1,1,1,0,1,0,1,1,0,0,0,0,1,0,1,1,1,0,0,0,0,0,0,1,1,1,0,1,0,0,1,0,0,0,0,0,0
Ivan MacCracken,0,0,1,1,0,1,0,0,1,1,0,0,0,0,1,1,1,1,1,0,1,0,1,1,1,0,1,1,1,1,1,0,1,0,0,1,1
Dodie Kief,1,0,1,0,0,0,0,0,1,1,0,0,0,1,0,1,0,0,1,0,0,0,0,1,1,0,1,1,1,0,1,1,0,0,1,1,0
Rafaelita Gini,0,1,0,1,0,1,1,0,1,1,1,1,1,1,0,0,0,1,1,1,0,0,1,1,1,0,0,0,0,1,1,0,1,1,1,0,1
Joellyn Kincaid,0,0,0,0,1,1,1,0,1,0,0,1,0,1,0,1,1,0,0,1,0,0,1,0,1,1,1,0,0,1,1,1,0,0,1,0,1
Aundrea Pickering,0,0,0,0,1,0,0,0,1,1,1,1,1,0,1,1,0,0,1,1,0,1,0,1,0,1,1,0,0,1,1,1,0,1,0,0,0
Paulie Sanderson,1,0,1,0,1,1,1,1,1,0,1,1,0,1,1,0,0,1,1,0,0,0,1,1,1,0,1,1,1,0,1,0,1,0,1,0,0
Britt McMurraya,0,1,1,1,1,0,1,0,1,1,1,0,0,1,1,0,1,1,1,1,1,0,0,1,1,1,1,1,1,1,0,0,0,0,1,1,0
Charlie Brannan,0,1,0,1,0,1,0,1,0,1,0,1,0,0,0,1,0,1,1,0,1,1,0,0,0,1,0,0,0,0,0,0,0,1,1,0,1
Aryn Couthard,1,0,1,0,0,0,0,1,0,0,1,1,0,1,0,1,0,1,1,1,0,0,0,1,1,0,1,1,1,1,1,1,0,0,1,0,0
Retha Posthill,1,0,1,1,1,1,1,0,1,1,0,1,0,1,1,1,1,0,0,0,1,0,0,0,0,0,1,0,0,1,1,0,1,1,0,0,1
Esmaria Videler,1,0,1,0,0,0,1,0,0,1,1,1,0,1,1,1,0,1,0,0,0,0,0,0,0,0,0,1,1,0,0,1,1,1,0,1,1
Ashia Rimmer,1,0,1,1,0,1,0,1,1,0,0,0,0,1,0,1,1,0,0,0,1,0,1,1,0,1,0,1,1,0,1,0,1,0,0,1,1
Thaddeus Walklett,0,0,0,0,0,0,0,0,0,1,0,0,1,0,0,1,1,0,0,1,1,0,0,1,1,1,1,1,0,0,0,1,0,0,0,1,0
Rozele Edmenson,0,1,0,1,1,0,1,1,0,1,0,0,1,0,0,0,0,1,1,1,1,1,0,0,1,1,1,1,1,1,0,0,0,1,1,0,0
Man Clyma,0,0,0,1,1,1,1,1,0,1,0,1,0,1,1,1,0,0,0,1,0,1,1,1,1,1,1,0,1,0,0,0,1,0,1,1,1
Codee Brownfield,1,1,1,0,0,1,0,1,1,1,0,1,1,1,1,1,0,0,0,0,1,1,1,1,1,1,0,1,1,1,1,1,0,0,0,0,1
Abbot Hurtado,1,1,0,0,0,1,1,1,0,0,1,0,1,0,0,0,0,0,1,1,0,0,1,1,0,1,0,1,0,1,1,0,0,1,1,1,1
Janeta Spelling,0,0,0,1,1,1,1,1,1,1,1,1,0,0,0,1,0,0,0,1,1,1,1,1,0,0,0,0,0,1,1,0,1,1,1,0,0
Obadias Brierley,0,1,0,0,0,0,1,1,0,0,0,1,1,0,0,0,0,1,0,1,1,0,1,0,0,1,1,1,1,0,1,0,0,1,0,1,0
Sterling O'Monahan,0,0,0,1,1,1,0,0,0,1,0,1,1,1,0,1,0,1,0,0,1,0,1,0,1,1,0,1,1,0,0,0,1,0,0,1,1
Basile Edgson,1,0,1,0,1,0,0,1,1,0,0,0,1,0,1,0,1,0,0,0,1,1,0,1,0,1,0,1,1,0,0,1,0,0,1,1,0
Martie Coey,0,0,0,1,0,1,0,0,0,0,0,1,0,0,1,1,1,1,0,1,1,0,0,1,1,1,1,1,1,0,0,0,1,0,0,0,0
Werner Polini,1,0,1,1,0,0,1,0,0,0,0,0,0,0,0,1,1,0,0,0,1,1,0,0,1,0,1,0,0,1,1,0,0,1,1,0,0
Bernita Portman,0,0,0,1,1,1,1,1,0,0,0,0,1,0,1,0,0,0,1,0,1,0,1,1,0,0,0,0,0,0,0,0,1,1,1,1,1
Diena Rissom,1,0,1,0,0,1,0,0,1,1,1,1,0,0,1,1,1,0,1,1,0,1,1,0,1,0,0,1,1,1,0,1,0,1,0,0,0
Pancho Menico,0,1,0,1,0,1,1,1,1,0,1,0,0,1,1,1,1,1,1,1,0,0,1,1,1,1,0,0,1,1,0,1,1,1,0,0,0
Lombard Gisburn,1,1,1,0,1,1,1,0,0,1,1,0,0,0,0,1,1,1,1,1,1,0,0,1,0,0,0,1,0,1,0,0,0,0,0,1,1
Kipper Cartmael,1,0,1,0,0,1,0,1,1,1,0,1,1,0,0,1,0,1,0,0,1,1,0,0,0,0,1,0,0,0,0,0,0,1,0,1,1
Marmaduke Dumphy,1,0,0,1,1,0,1,1,0,1,0,0,1,0,1,0,0,0,1,1,1,1,0,0,0,0,1,0,0,1,1,0,1,1,1,0,1
Leeanne Maymand,0,0,1,0,1,1,0,1,1,0,1,0,0,0,0,1,0,1,1,0,1,0,0,0,1,0,1,0,1,1,1,0,1,0,0,0,0
Glendon Briereton,0,1,1,1,0,1,1,1,1,1,0,0,0,0,1,1,0,0,1,0,0,0,0,0,1,0,0,0,1,1,0,1,0,1,0,1,1
Lilas Carneck,1,1,0,0,0,1,0,0,0,0,1,1,0,1,0,0,0,1,1,0,1,0,1,1,1,0,1,0,1,1,1,1,1,1,0,0,1
Anni Searles,0,1,1,1,0,1,1,1,0,1,0,1,0,0,0,0,0,1,0,0,1,0,0,0,1,1,0,0,1,0,0,0,1,1,1,1,1
Carmelina Tabb,0,0,1,0,0,0,0,1,0,1,0,0,1,1,0,0,0,0,0,1,1,1,1,1,1,1,0,0,1,0,1,0,0,0,1,1,1
Claudian Ketley,0,1,0,0,1,1,1,1,0,0,0,1,1,0,1,1,1,0,1,0,1,1,1,1,1,1,0,1,0,0,1,0,1,0,0,1,0
Tabbie De Mitris,0,0,1,0,1,1,1,1,1,0,1,0,1,1,1,0,0,0,1,0,0,0,1,1,1,1,1,0,1,0,0,0,1,0,0,1,1
Pip Glanert,1,1,1,1,0,0,0,0,1,1,1,1,0,0,1,1,0,1,0,0,0,1,0,0,0,1,0,0,0,1,1,1,0,1,0,0,1
Astrid Cadle,1,1,0,0,1,0,1,0,1,1,1,0,0,1,1,1,1,0,1,0,0,0,1,0,0,1,1,1,0,0,1,1,1,1,1,0,0
Ketty Hegdonne,0,1,1,1,0,0,1,1,0,1,1,1,0,1,0,1,0,1,1,0,1,0,1,1,0,0,0,0,0,1,1,1,1,1,0,1,0
Heywood Cousen,1,1,0,1,1,1,0,0,1,1,1,0,0,0,0,1,0,1,1,0,0,1,1,0,1,1,1,1,1,1,0,1,0,0,0,0,1
Elwyn Boss,0,1,0,0,1,0,0,0,0,0,0,1,0,0,1,0,1,1,0,1,0,0,1,0,0,1,1,1,1,1,1,0,0,1,0,1,0
Red Brislawn,0,1,1,0,1,1,1,0,0,1,0,1,0,1,0,0,1,1,0,0,0,1,1,0,0,0,0,1,1,0,0,0,1,0,0,1,0
Hasty Manifold,1,1,1,1,1,1,0,1,0,0,1,0,1,1,1,0,1,0,0,1,1,1,0,1,0,0,1,0,1,0,0,0,1,1,1,1,0
Sheridan Echalier,0,0,0,1,0,0,1,0,1,1,1,1,0,1,1,1,0,1,0,0,1,0,0,0,0,1,1,1,1,0,1,1,0,1,1,1,0
Ulrick Barstowk,1,0,1,1,1,1,0,1,0,1,1,1,0,1,0,0,1,0,1,1,1,0,0,0,1,0,1,0,1,1,1,1,0,0,1,1,0
Tobe Dible,0,0,0,0,1,1,0,1,1,0,0,1,0,0,0,0,0,0,0,0,0,0,1,0,1,0,1,0,0,0,1,0,1,0,1,1,0
Hayley Tebbs,0,0,1,0,0,0,0,1,0,0,0,1,0,0,1,1,0,0,1,1,0,1,0,0,1,0,0,1,0,1,1,1,0,0,0,1,1
Urbain Gundry,1,1,0,1,0,0,0,0,0,1,1,0,1,0,0,0,1,1,1,1,0,1,1,0,0,0,1,0,1,1,1,1,1,1,0,0,0
Selig Wilmore,1,1,0,0,1,0,0,1,0,0,1,1,0,0,0,1,1,0,1,0,0,1,1,0,0,1,0,0,0,0,1,0,0,1,0,0,0
Axel Collinson,1,1,1,0,1,0,0,0,0,1,1,1,1,1,1,1,1,0,0,1,1,0,0,1,1,0,1,1,0,1,1,1,0,0,0,0,0
Charla Fazakerley,1,1,0,1,0,1,0,0,1,0,0,0,0,0,1,1,0,1,0,0,0,1,0,0,1,1,1,0,1,0,0,1,1,1,1,0,1
Linea O'Cahill,1,0,1,0,0,0,0,0,0,0,1,1,1,0,0,1,0,0,0,0,1,1,1,1,1,1,0,0,0,0,0,1,0,1,0,0,0
Sula Bartholomieu,0,0,0,0,1,0,0,1,1,1,0,1,1,1,0,0,0,1,0,0,1,0,1,0,1,1,1,1,1,0,1,0,0,0,0,1,0
Bethina Lippitt,1,0,1,0,1,0,1,1,0,1,1,1,1,0,0,1,0,1,0,1,0,1,1,0,1,1,1,1,0,0,1,0,0,0,1,0,1
Amalee Meffan,0,1,1,1,0,0,1,1,1,0,1,1,1,1,1,0,0,0,1,0,1,1,1,1,1,1,0,0,1,0,0,0,1,1,0,0,0
Karlen Scotting,0,0,1,0,0,1,0,0,0,0,0,1,0,1,0,0,1,1,1,0,0,1,1,0,0,0,1,0,0,1,0,1,1,1,0,0,0
Dex Scimone,1,0,1,0,0,0,1,0,1,1,1,1,0,0,0,0,1,0,0,0,1,1,0,0,0,1,0,1,1,0,0,1,0,0,0,0,1
Patrica Grimsdike,0,1,1,1,1,1,0,0,1,0,1,1,0,0,0,1,1,0,0,0,0,1,1,0,1,0,1,0,0,0,1,1,1,0,1,0,0
Ara Cyster,1,1,0,1,1,1,0,0,0,0,0,1,0,1,1,0,0,0,1,0,0,1,0,0,0,1,0,0,1,1,0,1,0,1,0,1,1
Ephrayim Tyres,0,1,0,0,1,1,1,0,1,0,1,0,1,0,1,1,0,0,1,0,0,1,0,1,1,0,0,0,1,1,1,1,1,0,0,1,1
Germaine Perchard,0,0,1,0,1,1,0,0,0,0,1,0,0,1,1,1,1,0,0,0,1,1,1,1,0,0,1,1,1,0,1,0,1,1,1,0,1
Tonie Tzarkov,0,0,0,1,0,0,0,1,0,0,0,0,1,0,0,0,0,1,0,1,1,1,0,1,0,0,0,1,0,1,1,1,0,1,0,1,0
Waylen Pitcher,1,0,1,1,1,1,0,0,1,0,0,1,1,1,1,1,1,1,0,0,0,0,0,1,1,0,1,0,1,1,1,0,0,0,1,1,1
Tremaine Obbard,0,1,1,0,1,0,1,0,1,0,1,1,0,0,1,0,1,1,1,1,1,0,1,1,1,0,0,1,0,0,1,0,0,1,1,1,1
Hammad Parnell,0,1,1,0,0,0,0,1,1,0,1,0,1,1,0,0,1,1,0,1,1,0,0,0,0,0,1,1,0,1,1,1,1,1,0,0,1
Ivette Mounfield,1,0,1,0,0,0,0,0,0,0,1,0,0,1,1,1,0,0,0,0,1,0,0,1,1,1,1,1,0,1,1,0,0,1,0,0,0
Tirrell Dudny,0,1,1,0,1,1,0,1,0,0,0,1,0,1,1,0,0,1,0,0,1,0,1,0,0,0,1,1,1,1,1,1,0,1,0,0,1
Adam MacNeice,0,1,0,0,0,1,1,0,0,1,1,1,1,1,1,1,0,0,1,0,0,0,1,1,0,1,0,0,1,1,0,0,0,0,0,0,0
Oralla Marzella,0,0,1,1,1,1,1,0,1,1,0,1,0,0,0,0,1,1,0,0,0,0,0,1,1,0,1,1,1,1,0,0,1,1,0,0,0
Erna Pre,1,0,0,0,0,0,0,0,1,1,1,1,1,0,0,0,0,0,1,1,0,0,1,0,0,0,1,1,0,1,1,1,1,0,0,1,0
Jen Farnan,0,0,1,0,0,0,0,0,1,0,1,1,0,0,1,1,0,0,0,0,1,0,1,0,1,1,1,0,0,1,1,0,1,0,0,1,1
Silvana Hazeley,0,1,1,0,1,1,0,0,0,0,0,1,0,0,1,0,0,0,1,1,0,1,1,1,1,0,1,1,0,1,1,1,0,0,1,0,0
Haily Nicely,1,0,1,0,0,1,0,1,0,1,1,1,0,1,0,0,1,0,0,1,1,0,0,1,0,1,0,1,1,1,0,0,1,0,0,0,1
Weylin Shaves,0,1,0,1,1,1,0,1,0,0,1,0,1,0,0,0,0,1,0,1,0,1,0,0,0,0,1,1,1,0,1,1,0,0,0,0,0
Caspar Buckhurst,1,1,1,0,0,1,0,0,0,1,1,1,0,0,0,1,0,1,1,0,1,0,0,0,1,0,0,0,1,0,1,0,1,1,0,0,1
Dougy Jurries,0,0,0,1,0,0,1,0,0,1,0,0,1,1,0,1,0,1,1,1,0,1,0,1,1,1,1,1,1,1,1,0,1,0,0,1,1
Janith Happs,0,1,1,1,1,1,1,1,1,0,1,0,0,1,1,0,0,1,0,0,1,0,0,0,1,1,0,0,1,0,1,0,1,1,1,1,0
Frederic Cawthron,0,0,1,0,0,0,1,0,0,1,0,1,1,1,0,1,1,1,1,1,1,0,1,0,1,0,1,1,1,1,1,1,1,1,1,0,0
Jeno Janoch,1,0,0,1,1,1,0,0,0,0,1,1,0,1,0,1,0,0,0,1,0,1,1,1,1,0,0,1,1,1,1,1,1,0,0,1,1
Abeu Dri,0,0,0,0,1,0,0,0,0,1,1,0,0,1,0,1,1,1,0,1,0,1,1,0,1,0,1,0,1,0,0,1,0,1,1,1,1
Louisa Jirusek,1,0,0,0,1,1,1,0,1,0,1,0,1,0,0,1,1,0,1,1,1,0,1,1,1,0,0,0,0,1,1,0,1,1,0,1,1
Denyse Schohier,1,0,1,1,1,0,0,1,0,0,1,0,1,0,1,1,0,0,0,0,0,0,1,0,1,1,1,1,0,1,0,0,0,1,1,0,1
Viva Clara,1,0,0,0,1,0,0,0,0,1,1,0,0,0,0,1,0,0,1,1,1,0,1,1,0,1,0,1,0,1,0,1,1,0,0,1,0
Martica Trainer,1,0,0,0,0,0,1,0,0,1,0,0,0,1,1,0,0,1,0,0,0,1,0,1,0,1,0,0,0,0,1,1,1,0,0,1,1
Audi Aust,0,1,1,1,1,1,0,0,1,1,0,0,1,1,1,1,0,0,0,1,1,0,0,0,0,1,0,0,1,1,0,0,1,0,0,1,1
Shara Albiston,1,0,1,1,1,1,0,0,1,0,1,0,1,0,1,0,1,1,0,1,1,1,0,1,1,0,0,1,1,0,1,1,1,1,0,1,0
Lettie Tollerton,1,0,0,1,0,0,0,0,0,1,1,0,1,1,1,1,1,0,1,1,1,0,0,0,1,0,0,1,0,1,1,1,1,1,0,0,1
Aila Pamplin,1,0,0,1,1,0,1,1,1,0,1,1,1,1,0,1,0,1,0,1,0,0,0,0,0,1,1,1,0,1,0,0,0,0,0,1,0
Rani Kirstein,0,1,0,0,1,0,0,0,1,0,0,0,1,0,0,1,1,0,1,1,0,1,0,1,0,1,0,1,1,1,1,0,0,0,0,1,1
Danna Frissell,0,1,1,0,0,0,1,0,1,1,1,0,1,0,1,0,1,0,1,1,1,1,0,1,1,0,1,0,0,0,0,1,0,0,0,0,0
Carrissa Watsham,1,0,0,1,1,1,1,1,0,0,0,0,0,0,0,0,1,1,0,1,0,1,1,0,0,1,1,1,0,1,1,1,1,0,0,0,1
Alexandr Ortelt,0,0,0,0,1,1,1,0,1,0,0,0,0,0,0,1,1,0,0,0,0,0,1,0,0,1,0,0,0,0,1,1,1,0,1,0,1
Addison Glide,1,1,1,1,1,0,0,0,1,1,0,1,1,1,1,0,0,1,1,0,0,0,1,0,1,1,1,1,1,1,0,1,1,0,1,0,1
Nathanil Kinnett,1,1,0,0,0,0,1,0,1,1,0,0,1,0,0,1,1,0,1,1,1,1,1,1,0,0,1,1,0,0,1,0,0,0,1,1,0
Clayson Ahrenius,0,0,0,1,0,0,1,1,1,0,1,1,0,1,0,0,1,0,1,0,0,1,0,1,1,0,1,1,1,0,1,1,1,1,1,1,1
Kin Nancekivell,0,0,0,1,0,0,0,0,1,1,0,1,1,0,0,1,0,0,0,1,0,0,1,1,1,1,0,0,0,1,0,0,0,1,0,0,1
Osbert Fallen,1,1,1,1,1,0,0,0,1,0,1,0,0,1,0,1,0,1,0,1,0,1,1,0,1,1,0,1,0,0,1,0,0,1,1,1,1
Brina Sigart,1,0,0,1,0,0,0,0,1,1,0,1,0,0,1,0,0,0,1,0,0,0,0,1,0,0,0,0,1,0,0,1,0,1,1,0,1
Jacob Troillet,1,1,1,1,1,0,0,1,1,1,1,0,1,0,0,1,1,1,0,0,1,1,0,1,0,0,0,0,0,1,1,0,0,1,0,0,0
Lee Dumberrill,1,0,0,0,0,0,1,0,1,0,1,0,1,1,1,0,0,0,0,1,0,0,0,0,1,1,0,0,1,1,1,1,0,1,0,1,1
Ilyse Tivolier,1,1,0,1,0,0,0,0,0,1,0,1,0,0,0,1,0,0,1,0,1,1,1,1,0,0,0,0,1,1,0,0,0,1,0,0,1
Terrence Georgescu,0,0,0,0,0,1,1,0,0,0,0,1,1,0,0,0,1,0,1,1,1,1,1,1,0,1,1,1,1,1,1,1,1,1,1,1,1
Maximilien Harnes,0,0,0,1,1,1,1,1,1,1,0,1,0,1,1,1,0,0,0,0,1,0,1,1,1,0,0,1,1,1,1,1,1,1,0,0,1
Son Kenefick,1,0,1,1,0,0,0,1,0,1,1,0,0,1,1,1,0,1,1,1,1,1,1,1,1,1,1,0,0,1,1,1,0,1,0,0,1
Melodee Crake,1,1,1,0,0,1,0,0,1,1,1,1,1,0,1,0,1,1,0,1,1,1,1,1,1,1,0,0,1,1,1,1,1,0,0,1,1
Edd McCready,0,1,1,1,0,1,1,0,1,1,1,0,1,0,1,0,1,1,0,1,0,1,0,1,0,1,0,0,1,0,0,1,1,0,1,0,0
Rafaela Karpman,0,0,1,1,0,0,0,0,1,0,0,0,0,1,0,1,0,1,0,0,1,1,1,0,1,0,1,0,0,0,0,1,1,1,1,0,1
Arabela Dedrick,0,0,0,1,1,0,1,0,1,0,1,1,1,0,0,1,1,0,0,0,1,0,0,0,0,1,1,0,1,1,0,1,0,0,1,1,1
Hally Hoonahan,1,0,0,0,0,0,1,1,1,1,0,1,1,1,0,1,1,0,1,1,1,1,1,0,1,0,1,1,0,1,1,1,0,0,0,1,0
Matthew Barns,1,0,0,0,1,0,1,0,1,1,0,1,1,0,0,1,0,0,1,1,0,1,0,1,0,0,0,0,0,1,0,1,1,0,1,1,0
Lisabeth Brimmicombe,1,1,1,0,0,1,1,0,1,1,0,0,1,1,0,1,0,0,0,1,1,0,1,0,1,0,0,0,1,1,0,1,0,1,1,1,0
Celisse Sturdgess,1,1,1,0,1,1,1,1,0,0,0,0,1,1,0,0,1,0,1,1,1,0,0,0,1,0,0,1,0,1,1,1,0,1,1,0,0
Amberly Vasyutkin,1,1,0,0,0,0,0,0,1,1,1,0,1,1,0,0,1,1,0,1,0,1,0,1,0,0,1,1,0,0,1,0,0,0,0,1,0
Jasmine Colvin,1,1,0,1,1,1,1,1,1,1,1,0,0,1,0,0,1,1,1,1,1,1,0,1,0,0,1,1,1,0,0,1,0,0,0,0,1
Glen Brakespear,0,1,1,1,0,0,0,1,0,1,1,1,0,0,0,1,1,1,0,0,0,1,0,1,0,1,0,1,1,0,0,0,0,0,1,0,1
Linell Brightling,0,0,1,0,0,1,0,0,1,1,1,1,1,1,1,0,0,0,1,1,1,0,0,1,0,1,0,1,1,0,1,1,0,1,1,0,0
Lorain Orgill,0,1,1,0,0,0,1,1,0,1,0,0,1,0,0,0,1,0,0,0,0,0,1,1,1,1,0,1,1,1,0,0,0,0,1,1,1
Buddy Heyworth,1,0,1,0,1,0,1,1,1,1,0,0,1,1,1,0,0,0,0,0,1,0,1,0,1,1,1,1,0,0,1,0,1,0,0,1,0
Lambert Kinahan,1,0,1,0,1,0,1,1,1,0,1,1,1,0,0,1,1,0,0,0,0,1,1,1,1,0,0,0,0,1,0,1,1,1,1,1,0
Stavro Ventam,1,0,1,1,1,0,1,0,0,1,0,1,0,0,0,0,1,1,1,1,0,1,0,1,0,1,0,1,0,1,1,0,0,1,1,0,1
Uriel Diehn,1,1,0,1,0,1,1,0,1,0,1,0,1,0,0,0,0,0,1,0,0,1,1,0,0,1,0,1,0,1,0,1,0,1,1,0,0
Cordey Bearblock,0,1,0,1,1,0,1,1,1,1,0,0,1,0,1,0,1,1,1,1,0,1,1,0,0,0,1,1,1,0,0,1,0,1,1,0,1
Jeddy Charker,1,0,0,0,1,1,1,0,1,0,0,0,0,1,0,0,1,1,0,0,0,0,1,0,1,0,0,0,1,1,1,1,1,0,1,0,1
Trip Vain,0,0,1,0,1,0,0,0,0,1,1,0,1,0,0,0,0,1,1,0,0,0,1,1,1,1,1,1,1,1,0,1,1,0,1,1,1
Jemmie Pressey,1,1,1,0,0,0,0,0,0,0,0,1,0,1,1,0,0,0,0,1,0,1,0,0,0,1,0,1,1,1,1,0,0,0,1,0,0
Noel Norwich,0,1,0,1,0,0,1,0,1,1,0,1,0,0,0,0,0,1,0,0,0,1,0,1,1,1,1,0,1,1,1,1,1,1,0,0,0
Claudine Trevain,1,0,0,0,0,0,1,1,0,1,1,1,1,0,1,1,1,0,0,0,1,0,0,0,1,1,0,1,1,1,1,1,0,0,1,1,1
Karalynn Maccraw,0,1,1,1,1,0,1,0,0,1,0,0,0,1,1,0,1,0,1,1,1,1,1,1,0,0,0,0,1,0,0,0,1,1,1,1,1
Ewan Darben,1,0,0,0,1,0,1,0,0,1,1,0,1,1,1,0,1,0,0,0,1,0,0,0,0,0,1,1,0,0,1,1,1,0,1,0,0
Blaire Cockshoot,0,1,0,0,0,0,1,1,1,0,1,1,1,1,0,1,1,0,0,1,0,1,1,0,1,1,1,1,0,0,0,1,1,0,0,1,0
Flossie Biggam,0,1,0,0,1,1,1,0,1,0,1,1,1,0,1,0,1,1,1,0,1,1,0,0,1,0,1,0,0,1,1,0,1,0,1,0,0
Selinda Neward,0,0,0,1,1,1,1,0,0,0,0,1,1,1,1,1,0,1,1,1,1,1,1,0,1,0,1,1,1,1,0,1,1,0,1,0,0
Abdel Moynihan,0,0,0,1,0,1,0,1,1,1,0,0,0,0,0,0,1,1,0,1,0,1,1,0,1,1,0,0,1,0,1,0,1,0,0,0,1
Justinn Bradnock,1,0,0,1,0,1,1,0,1,1,1,1,0,0,1,1,1,1,0,0,1,0,1,0,1,0,1,0,0,1,0,1,0,1,0,0,1
Cliff Leal,0,0,1,1,1,0,0,1,1,1,0,1,0,0,1,1,0,0,1,0,0,1,1,0,0,1,1,0,1,0,0,1,1,0,0,1,1
Emalia Heinicke,1,1,0,0,1,1,0,1,0,1,1,1,1,0,0,1,0,1,1,0,1,1,1,1,1,1,1,0,1,1,0,1,1,0,1,1,0
Nikoletta Shiels,1,1,0,0,1,0,0,0,1,1,1,1,1,1,0,1,1,0,1,1,1,0,1,0,0,0,1,1,1,0,1,1,0,0,1,1,1
Bronson Ruddom,1,1,1,0,0,1,0,0,1,0,1,0,1,0,1,0,0,0,1,0,1,0,0,1,1,0,1,0,1,0,1,1,0,1,1,1,0
Mellie Benesevich,1,1,0,1,0,0,0,0,0,0,0,1,1,0,0,0,0,1,0,0,0,1,1,1,0,0,1,0,0,1,1,1,1,0,0,0,1
Noelani Kinton,1,0,1,0,0,1,0,0,0,1,1,0,0,0,0,0,1,1,1,1,0,0,0,1,0,0,0,0,0,1,1,1,0,0,0,0,1
Brear Chmiel,0,1,0,1,0,0,1,0,0,1,1,1,1,1,1,1,0,0,0,0,1,0,0,0,0,1,1,1,0,0,1,0,0,0,0,1,1
Flossie Crowley,1,0,1,1,0,1,1,0,0,0,1,1,1,1,1,1,0,0,0,0,1,0,1,1,0,0,0,0,0,0,1,1,1,0,0,1,1
Aymer Baroch,1,1,1,1,0,0,0,0,0,1,0,1,1,1,0,0,0,0,0,0,0,0,0,0,0,1,1,0,1,0,1,0,0,1,1,0,0
Jerrilee Madigan,1,1,1,1,1,1,1,1,1,0,0,0,0,1,1,1,0,1,0,1,1,0,1,0,0,1,1,1,0,0,0,1,0,0,1,1,0
Reggie Swynley,0,0,1,0,1,0,1,1,0,1,1,1,0,1,0,1,0,1,0,0,0,1,1,0,0,0,0,0,1,1,1,1,0,0,1,0,1
Manolo Gilman,0,0,1,0,1,0,1,1,1,1,0,0,1,0,0,1,1,0,1,0,0,0,0,0,1,0,1,1,1,1,1,1,1,0,1,1,1
Ardine Kefford,0,0,0,1,1,1,0,1,1,0,1,1,1,0,0,1,0,1,0,0,1,1,0,0,1,0,0,1,0,1,0,1,1,0,0,0,1
Helli Revey,0,0,0,1,0,1,0,0,0,1,0,0,0,1,1,1,1,1,0,0,0,0,0,0,0,0,1,0,1,1,1,1,0,1,1,1,0
Leanna Gabel,1,1,1,1,1,0,1,0,1,0,1,0,1,1,0,0,1,0,1,1,1,0,0,1,1,1,0,0,0,0,0,0,1,1,0,1,0
Joelle Landre,1,0,0,1,1,0,0,0,0,1,1,1,0,1,1,1,1,1,1,1,1,1,0,1,1,0,0,0,1,1,1,1,0,0,1,1,0
Gwendolen Whitland,1,0,1,0,0,0,0,0,0,1,0,0,0,1,1,0,1,1,0,0,0,0,0,0,1,1,1,1,1,1,1,0,0,0,1,0,0
Ruttger Lifton,1,1,0,0,0,1,0,0,0,1,0,0,0,0,0,1,1,0,0,0,0,1,0,0,0,0,0,0,1,1,1,1,1,0,1,1,0
Jesse Abrahamson,1,1,1,0,0,0,0,1,0,0,0,0,0,1,0,1,0,0,1,1,1,0,1,1,0,1,0,0,1,1,0,1,1,0,0,0,1
Jaquenette Kuhndel,1,1,1,0,0,1,1,0,1,1,1,1,1,1,0,0,1,0,1,1,1,1,0,0,0,0,1,1,1,1,0,1,0,1,1,1,1
Ronnica Schnieder,0,0,0,0,1,0,0,0,0,1,1,0,1,1,0,1,0,0,0,0,0,0,0,0,0,1,0,0,0,1,0,0,1,1,1,1,1
Randee Shimon,0,0,1,0,1,0,0,0,0,1,1,1,1,1,0,1,0,1,0,0,1,0,1,1,0,0,0,0,1,0,0,0,1,1,0,0,0
Cecil Bukac,0,0,1,1,0,1,0,0,1,1,1,1,1,1,1,1,0,1,1,1,1,1,0,1,0,0,1,1,0,1,0,1,1,1,1,1,1
Jaquenette Aris,0,1,0,0,1,0,0,0,0,1,1,1,0,0,1,0,1,1,0,1,1,0,0,1,0,1,1,1,0,1,1,0,0,1,0,1,1
Wyn Edinburough,1,1,0,1,1,1,0,1,0,1,1,1,0,0,1,0,1,0,0,1,0,0,1,1,1,0,0,1,0,1,1,1,1,0,1,1,0
Elva Butting,0,1,1,0,0,0,0,1,1,0,1,1,1,0,0,1,1,0,1,0,1,1,1,1,0,0,0,0,0,1,0,1,0,0,0,0,0
Mariel Carnilian,1,1,1,1,0,0,1,1,0,0,0,1,0,1,1,0,0,1,1,1,1,0,0,0,1,0,1,0,0,1,0,1,0,0,0,0,1
Arluene Calliss,1,0,1,0,1,1,1,1,1,1,1,1,0,0,1,1,0,1,0,1,1,0,0,0,0,1,1,1,0,1,0,0,0,1,1,1,1
Auguste Domenget,0,0,1,1,1,0,0,0,1,1,1,0,0,1,1,1,0,1,0,1,1,0,0,0,0,0,0,0,0,0,1,0,0,1,0,0,0
Yvon Ramsdale,0,0,1,1,1,1,1,1,1,1,1,1,1,1,0,0,1,1,1,0,1,1,1,1,1,0,1,1,1,0,0,0,0,1,1,1,1
Genny Sephton,0,0,1,0,1,0,1,0,0,0,0,1,1,0,0,0,1,0,0,0,1,1,1,1,0,0,1,0,0,0,0,0,0,0,1,1,1
Mattias Embury,1,1,0,1,0,0,1,0,0,0,0,0,0,1,0,0,0,0,1,1,0,1,1,0,1,1,1,1,0,1,0,1,1,0,0,1,0
Adey Martinot,0,0,0,0,0,1,1,0,1,1,1,1,1,1,1,0,0,0,0,0,1,0,0,1,1,0,1,1,0,1,1,1,1,1,1,0,0
Alfons Pesticcio,0,0,0,0,0,0,1,0,0,1,1,1,0,1,1,1,0,1,0,0,1,0,1,0,0,0,0,0,0,1,0,1,1,0,0,0,0
Cory Erangey,1,1,1,0,1,0,1,1,0,0,0,1,1,0,0,0,0,1,1,0,1,0,1,1,1,1,0,0,0,0,0,1,0,1,0,1,0
Eda Skune,1,1,1,1,1,1,1,0,0,0,0,1,1,0,0,1,1,1,0,1,1,0,1,1,1,0,0,0,1,0,1,0,0,0,1,0,0
Upton Connew,0,0,1,0,1,0,0,1,1,1,0,1,0,1,0,0,1,0,0,0,0,0,0,0,0,1,0,0,0,1,1,0,1,1,0,0,0
Judith Conkay,0,1,0,1,1,0,0,0,0,0,0,0,0,1,1,0,1,1,1,0,1,1,1,0,0,0,0,1,1,0,1,1,0,0,0,1,0
Demetris Jewess,0,1,0,1,1,1,0,0,0,1,0,0,1,0,0,1,1,1,1,1,1,1,1,0,1,0,1,0,0,1,0,0,0,0,0,0,1
Elva Papaminas,0,1,0,0,0,0,0,0,0,1,0,0,1,0,0,0,1,1,1,1,1,0,1,0,1,1,1,1,0,0,1,1,1,1,1,1,0
Aurora Bulch,1,1,0,0,1,0,1,0,1,1,1,1,1,1,1,0,0,0,0,1,1,0,1,1,0,0,1,1,1,0,0,1,1,1,0,0,0
Brien Mussolini,1,1,0,0,0,0,0,1,1,0,1,0,0,0,1,0,1,0,0,0,1,1,1,1,0,1,0,0,0,1,0,1,1,1,1,0,0
Fina Battram,1,0,0,0,1,0,1,0,1,0,1,1,0,1,1,1,1,1,1,1,1,1,1,0,0,0,1,1,1,0,1,0,0,1,1,0,1
Mabelle Probin,1,0,0,0,1,1,1,0,1,0,0,0,1,1,0,0,0,0,1,0,1,1,0,0,1,1,0,0,0,0,0,0,1,1,1,0,0
Annabella Cawsy,0,0,1,0,0,1,1,0,1,1,1,0,1,0,1,1,1,1,0,0,1,0,1,0,1,0,0,0,0,1,0,1,1,0,0,0,1
Alf Romeuf,0,1,1,1,1,0,1,1,0,1,1,0,0,1,0,1,1,0,1,1,0,0,1,1,0,0,0,0,1,1,1,0,1,0,1,1,1
Leonid Andreas,1,1,0,1,0,0,1,1,0,0,0,0,1,1,0,0,0,1,0,1,1,0,0,1,0,1,1,0,1,1,1,0,0,1,1,0,1
Jobie Leupoldt,0,0,1,0,0,1,0,0,1,1,1,1,0,1,0,0,1,0,0,0,0,0,1,1,1,0,0,0,1,0,0,0,1,0,1,1,1
Shurwood Martschke,0,0,1,0,1,1,0,0,1,0,0,0,0,0,0,0,1,1,1,1,0,0,0,0,1,0,1,0,1,1,0,0,1,0,1,0,0
Suzette Ancell,0,0,0,1,1,1,1,0,1,0,0,1,1,1,1,0,0,0,1,1,0,0,1,0,0,1,0,1,1,0,1,1,0,1,0,0,1
Kelsy Guslon,0,1,1,0,1,1,0,0,0,1,0,0,1,0,1,1,1,0,1,0,0,1,0,1,0,0,1,0,1,0,1,0,1,0,0,0,0
Maegan Bullingham,1,1,0,0,1,1,0,1,0,1,1,1,1,0,0,0,0,1,0,1,1,0,0,1,1,1,0,0,0,1,0,0,0,0,0,1,1
Annissa Lideard,1,0,1,0,1,1,0,0,0,0,1,0,0,0,1,0,1,0,0,0,0,0,1,1,0,1,1,0,1,1,1,0,0,1,0,0,1
Marje Scourge,0,1,1,0,1,1,1,0,0,1,0,0,0,1,0,1,0,1,1,1,1,0,1,1,0,0,1,1,1,1,1,1,0,1,0,0,0
Caril Treble,1,0,0,1,0,0,0,0,0,1,1,0,0,0,0,0,1,1,1,1,1,0,0,0,1,0,0,1,1,0,0,1,1,1,0,1,1
Shem Scarce,1,1,1,0,0,0,1,1,0,0,0,0,0,1,1,1,1,1,1,0,0,1,1,1,1,1,0,1,1,0,0,1,0,0,0,1,0
Bronson Schurcke,1,1,0,1,0,0,1,1,1,1,0,1,0,1,1,0,1,1,0,0,1,0,1,0,0,1,1,0,1,1,0,0,1,0,0,1,0
Barde Quenby,0,1,1,1,0,1,0,1,1,0,0,1,0,0,1,0,1,0,1,1,1,0,1,1,1,0,1,0,0,1,1,0,0,0,0,0,1
Lou McGorley,1,1,1,0,0,1,0,1,1,1,1,1,1,0,1,1,0,1,0,0,1,1,1,1,0,1,1,0,0,1,0,1,1,0,1,0,0
Marcellina Batterham,0,1,1,0,1,1,0,1,0,1,0,0,1,1,1,1,1,1,0,1,1,0,1,0,1,0,0,1,0,1,0,1,0,1,1,1,1
Sutherland Hartil,1,1,1,0,1,0,0,0,0,1,0,0,0,0,0,0,0,1,1,0,1,1,1,1,1,0,1,0,1,0,1,1,1,0,0,1,1
Siobhan Bewsy,0,0,1,1,1,0,1,0,0,0,0,0,1,1,1,1,0,1,0,0,1,1,0,1,1,0,0,0,0,1,0,1,1,1,0,0,0
Basilio Eilhertsen,0,1,0,0,0,1,0,1,0,0,1,1,0,0,1,0,1,0,0,1,1,0,0,1,0,1,0,0,0,0,0,0,0,1,1,0,1
Edeline Wadforth,1,1,1,0,1,0,0,0,1,1,0,0,1,0,0,1,0,1,0,1,1,0,0,0,0,1,0,1,1,1,1,0,0,1,1,0,0
Leanor Rumsey,1,0,1,0,0,0,1,0,0,1,0,1,0,0,0,0,1,0,0,1,0,0,1,1,1,1,0,0,0,0,1,0,0,0,0,0,0
Amargo Gammie,1,1,0,1,1,1,1,1,1,1,1,1,1,0,0,0,1,1,0,0,0,0,1,1,1,1,0,0,1,0,1,0,1,0,0,0,0
Coretta Gregoletti,0,0,0,0,1,0,0,1,0,0,0,0,1,0,1,0,0,0,0,1,1,1,1,0,0,1,1,1,0,1,0,1,0,0,0,1,0
Pip Petrolli,1,0,1,0,0,0,0,0,0,0,1,1,1,0,0,1,0,1,1,1,1,1,0,0,0,1,1,0,1,0,0,0,1,0,0,1,0
Fletch Tessier,1,0,0,0,1,0,1,0,0,0,0,0,0,1,0,1,1,0,1,0,0,0,1,1,1,1,1,1,1,0,1,0,1,0,0,0,1
Mel Garbar,0,1,0,1,1,1,1,1,0,0,0,1,0,0,1,0,1,0,0,1,0,1,0,1,0,1,1,1,0,1,0,0,0,0,1,0,1
Julissa Degg,0,1,1,0,1,0,1,1,0,0,0,1,1,1,1,0,0,0,0,1,1,0,0,1,1,0,1,1,0,1,1,1,0,0,1,0,0
Paddie Skone,0,0,1,1,1,1,0,0,0,0,1,0,0,0,0,0,1,0,0,0,0,1,0,1,0,0,0,0,0,1,0,0,0,1,1,1,0
Drucy Freyn,0,1,1,0,0,0,1,0,1,0,1,0,0,0,0,1,0,1,0,0,1,1,1,0,1,0,1,1,0,0,0,0,0,0,1,1,0
Enrique Creenan,1,0,1,0,1,1,1,1,0,1,1,0,0,0,0,1,0,0,0,1,1,1,0,1,0,1,0,1,1,1,0,1,0,1,1,1,0
Luce Wickling,0,0,0,0,0,1,1,1,0,0,0,0,0,1,1,1,1,1,0,1,1,1,0,1,1,0,0,1,0,1,0,0,0,1,1,0,1
Rayshell O'Bradane,0,1,1,1,0,1,1,1,1,1,0,1,0,1,0,1,0,1,1,0,0,0,1,1,1,0,1,0,0,0,0,0,0,0,1,1,1
Blithe Marguerite,0,0,0,1,0,1,0,0,1,0,1,1,0,1,1,1,0,1,1,1,1,0,1,1,0,0,0,1,1,1,0,0,1,1,0,0,0
Graehme McBratney,1,1,1,0,1,1,1,0,0,1,0,1,1,1,0,1,0,1,1,1,0,1,0,0,1,0,1,1,0,1,0,0,1,1,0,0,0
Maxwell Kime,1,0,1,0,1,1,1,1,1,0,1,0,0,0,1,1,0,0,1,1,0,1,0,1,0,0,1,1,1,1,0,1,0,0,1,0,0
Otes Nice,1,0,0,1,1,0,1,1,0,1,0,1,0,1,1,0,0,0,1,1,1,0,1,0,1,1,1,1,0,1,0,1,0,1,1,0,1
Kain Trimmell,1,0,1,0,0,0,0,1,0,1,1,1,0,1,0,0,0,1,1,1,0,0,0,0,0,0,1,0,1,1,0,1,1,1,0,1,0
Cassandra Lorman,1,0,0,0,0,1,0,1,0,0,1,1,0,0,1,0,0,0,1,0,1,0,1,1,0,1,0,0,0,0,1,1,0,0,0,0,1
Ambrose Petr,0,1,1,0,1,0,1,1,1,0,0,0,0,1,1,1,0,0,1,1,0,1,1,1,1,1,1,0,1,1,1,1,1,1,1,1,1
Graham Craighall,0,1,1,0,0,0,0,0,1,0,1,1,0,0,1,0,1,0,1,0,0,1,1,1,1,1,0,0,1,0,1,1,0,0,0,0,0
Christy Brant,1,1,0,0,1,1,1,0,0,0,0,1,0,1,0,1,0,0,0,0,1,1,1,0,0,0,1,0,1,0,1,0,1,1,1,0,1
Sidonnie Wiffen,0,0,0,0,0,1,1,1,1,1,0,1,0,0,1,0,0,1,0,0,0,0,0,0,1,0,1,0,1,0,1,0,1,1,1,1,0
Brittani Josselsohn,0,0,0,0,0,1,0,1,1,1,1,1,0,0,0,1,1,0,0,1,0,0,1,1,1,0,1,1,1,1,0,1,0,1,0,1,0
Petrina Pedreschi,0,0,1,0,1,1,0,0,1,1,0,0,1,1,1,1,0,0,1,0,0,0,0,0,1,1,1,0,1,1,1,0,1,1,1,1,1
Zebulon Kesley,1,0,0,1,1,0,1,1,0,1,1,1,1,0,0,0,1,0,0,0,1,0,1,0,0,1,1,1,1,1,1,1,0,1,0,1,1
Alfy Doubleday,1,0,0,1,1,0,0,1,1,0,1,1,0,1,0,1,1,0,1,1,0,1,1,0,1,0,0,1,0,1,1,1,0,0,0,1,1
Grete Cogin,1,1,0,1,0,0,0,1,0,1,0,1,1,1,1,1,1,1,1,0,1,0,1,0,1,0,1,1,1,1,1,1,1,1,0,0,0
Maegan Petrik,1,1,1,0,0,1,1,1,0,0,0,0,0,0,1,1,0,0,0,1,1,0,1,1,0,1,0,0,1,1,1,0,1,1,0,0,0
Meggi MacAfee,1,1,1,0,1,1,0,0,0,0,1,0,0,0,1,1,1,0,1,0,0,1,1,0,0,0,0,1,0,1,0,0,1,0,1,1,0
Hannis Hue,0,0,0,0,1,0,1,0,1,1,1,1,0,0,1,1,1,1,1,0,1,0,1,1,1,0,1,1,0,1,0,0,1,0,1,1,0
Vassili Mote,1,0,1,1,0,1,0,1,1,1,0,1,1,1,0,0,1,0,0,1,1,0,0,1,1,0,0,1,1,1,0,1,1,0,0,1,1
Harriett End,1,1,0,0,0,1,1,1,1,1,0,0,1,1,0,1,1,1,0,0,0,0,0,1,1,1,0,0,0,1,1,1,0,1,1,0,1
Nathanial Welband,1,0,1,1,0,0,1,0,0,0,0,1,1,1,0,0,0,1,0,1,0,0,1,1,1,0,1,1,1,1,1,1,0,0,1,1,1
Raquela Vedenichev,1,1,0,1,0,1,0,1,1,0,1,0,1,0,0,0,0,0,0,0,0,0,1,0,0,1,1,0,1,1,0,1,0,0,0,1,1
Lacee Isakov,1,0,1,1,1,1,1,1,1,0,0,1,1,0,0,1,1,0,0,1,1,1,0,0,0,1,1,1,1,1,1,0,1,0,1,0,0
Bing Borrott,1,1,0,1,1,1,1,0,0,1,0,1,0,0,1,0,0,1,1,1,1,0,1,1,1,1,0,0,0,1,1,0,1,0,0,1,0
Nichol MacSkeagan,1,1,1,0,0,0,0,1,0,0,0,1,1,0,1,1,0,0,0,0,1,0,1,0,1,0,1,1,1,0,0,1,0,1,0,1,0
Cherin Mollnar,1,0,1,0,1,0,0,1,0,1,1,1,1,1,0,1,1,0,0,0,0,0,0,0,1,0,0,1,1,1,0,1,1,0,1,0,1
Margy Dean,0,0,1,1,0,1,1,0,1,1,1,1,0,1,1,0,1,0,0,0,0,1,1,0,0,1,0,0,1,1,0,1,1,1,0,1,1
Leela Falconar,1,1,0,0,1,0,0,1,1,0,0,1,1,0,0,0,0,0,0,0,1,1,0,1,1,0,1,1,1,1,0,0,0,0,1,1,1
Junie Rogeon,0,1,0,1,1,0,1,1,0,1,0,1,1,0,0,0,0,1,1,1,1,0,1,1,1,1,0,0,1,1,0,1,1,0,0,1,0
Sallie Ball,0,0,1,1,0,0,1,1,1,1,1,1,0,0,0,1,1,0,0,1,1,0,1,1,1,0,1,1,0,0,0,1,1,0,1,0,1
Libby Royall,0,0,0,1,1,0,0,0,0,0,0,1,1,0,0,1,0,0,0,1,1,1,0,0,1,1,0,1,1,1,0,1,1,0,1,0,1
Nananne Novik,1,1,0,1,1,0,1,0,0,1,0,1,1,0,1,0,0,1,0,0,1,0,1,0,1,0,0,1,0,0,1,1,1,1,0,1,1
Terrell Gelletly,0,0,0,1,0,1,0,0,1,0,1,0,1,0,0,1,1,1,1,1,0,1,1,0,0,0,1,0,1,0,0,1,1,0,1,0,1
Pascal Van Hesteren,0,1,1,0,1,0,0,1,0,0,0,1,0,0,0,0,0,0,1,0,0,1,0,1,0,0,1,1,0,0,0,0,1,1,1,0,1
Andromache Morfell,1,0,0,1,1,1,0,1,0,0,0,0,1,0,1,0,0,1,0,1,0,0,1,1,0,0,1,0,1,1,0,0,0,1,1,0,1
Kathye Elsbury,0,0,1,1,0,0,0,1,1,1,0,0,0,1,0,0,1,0,0,1,0,1,0,1,1,1,1,0,0,1,0,0,1,1,0,1,1
Carri Appleyard,1,1,0,0,1,1,0,0,0,0,1,1,0,1,0,0,1,1,1,1,1,1,0,0,0,1,1,0,0,1,0,0,0,0,1,1,1
Rodi MacVaugh,1,1,0,1,0,1,1,1,1,0,0,1,1,0,0,1,1,0,0,0,1,1,0,0,0,0,0,1,0,1,0,0,0,1,0,1,1
Jody Ferie,0,0,1,0,1,1,1,1,1,1,1,1,0,1,0,0,1,1,1,0,1,0,0,1,1,0,0,0,0,0,0,0,1,0,1,1,1
Fairlie Blackstone,1,1,0,1,0,1,1,0,0,1,0,0,0,1,0,1,1,1,1,1,1,0,0,0,1,1,0,0,1,0,0,1,1,1,1,1,1
Josselyn Morecombe,1,0,1,1,0,0,1,1,1,0,0,1,1,1,1,1,1,0,1,0,0,1,0,1,0,0,1,1,1,1,1,1,1,1,1,0,1
Alla Benitez,1,0,0,1,1,1,0,0,0,1,0,1,0,0,1,1,0,0,1,1,1,0,0,1,1,1,1,1,1,1,1,0,1,1,0,0,1
Zena McCourtie,1,1,1,1,1,0,0,0,0,1,1,0,1,1,0,0,1,0,0,1,0,1,0,1,0,0,0,1,0,0,1,1,0,1,0,1,1
Annis Polet,0,1,0,0,0,0,0,1,1,0,1,1,1,1,1,0,0,0,0,0,1,1,1,0,1,1,1,1,1,1,1,1,1,0,0,1,0
Clyve Godfray,0,1,0,0,0,0,1,1,0,1,0,1,0,0,1,1,1,1,1,0,1,0,0,0,0,0,0,1,0,0,0,1,1,1,1,1,1
Tova Cocking,1,1,1,1,0,0,1,0,1,0,0,0,1,0,0,0,1,0,1,0,1,0,0,0,0,1,1,0,1,0,0,0,1,1,0,1,1
Wilton Sharpling,1,1,1,1,1,0,1,0,0,0,0,0,0,1,1,1,1,1,1,1,1,1,0,1,1,0,1,1,0,1,0,0,0,0,1,1,0
Fredi Diament,1,0,0,1,1,0,0,1,0,1,0,0,0,1,0,1,1,0,0,0,0,0,0,1,0,0,0,0,0,1,0,1,0,0,1,0,0
Lanie Banbrick,1,1,1,1,1,1,0,0,1,0,0,1,0,1,0,0,0,1,1,1,0,1,1,0,0,0,1,0,1,0,1,1,1,0,1,1,0
Laurel Bummfrey,0,1,1,1,1,1,0,0,1,1,1,1,0,1,0,0,1,1,0,0,0,0,1,0,1,1,0,1,1,0,1,0,1,1,1,0,1
Dusty Spellward,0,1,0,0,1,1,0,0,0,1,1,0,1,1,0,0,0,0,0,0,0,0,1,0,0,0,0,1,1,0,0,1,1,0,1,0,1
Stafani Goodband,0,1,0,1,1,0,0,1,0,1,0,1,1,1,1,0,1,0,1,1,1,1,1,0,1,1,0,0,0,1,0,0,0,1,1,1,0
Esme Trinke,0,1,0,0,0,1,1,0,1,1,1,1,0,0,0,1,0,0,0,0,0,1,0,1,1,1,1,0,0,1,1,1,1,0,1,0,1
Vivyan Tremoulet,1,1,0,0,1,1,1,0,1,0,1,0,0,0,0,0,1,0,1,1,0,0,0,1,1,0,1,1,1,1,1,0,1,0,0,0,1
Tiebold Hatrey,1,0,1,0,1,0,0,0,1,0,1,1,0,1,1,0,1,1,1,1,0,0,1,0,0,0,1,1,1,0,0,1,1,1,0,1,0
Ansell Doeg,1,0,1,1,0,0,0,1,0,0,0,1,1,1,1,0,1,0,1,1,0,1,0,1,0,0,1,1,1,1,1,0,1,0,0,0,0
Marjy Penhalurick,1,1,1,1,0,0,0,0,0,1,0,1,1,0,0,1,1,1,0,1,0,0,1,1,1,1,1,1,1,0,1,0,0,0,1,1,0
Merell Roast,0,0,1,1,0,0,1,1,1,1,1,1,0,1,0,1,0,0,1,1,0,1,1,1,1,0,1,1,0,1,1,1,1,0,0,1,0
Nancy Legan,0,1,1,1,0,1,0,0,1,0,1,0,0,1,1,0,1,1,1,1,0,1,1,0,0,1,1,1,1,0,0,0,1,0,0,1,1
Cristal Cristoforo,1,1,0,1,1,1,0,0,1,1,0,1,0,1,1,1,1,0,0,0,1,0,0,0,0,0,0,0,0,0,1,0,0,0,0,1,1
Camella Crowter,1,0,0,0,1,1,0,0,0,1,1,0,1,1,0,1,1,0,1,1,1,1,1,0,0,1,0,0,0,1,0,0,0,0,0,0,1
Gusti Layborn,1,0,1,1,1,0,0,1,0,0,1,1,1,1,0,1,1,0,1,0,0,1,0,1,1,1,1,0,1,0,1,1,0,0,1,0,1
Barbara-anne Swannie,0,0,1,0,0,1,0,1,0,0,0,0,1,1,0,0,1,1,1,1,1,0,1,0,0,1,1,1,0,1,1,1,0,0,1,1,0
Sollie Germon,0,0,0,0,1,0,1,1,0,0,1,1,1,0,0,1,1,0,1,0,1,0,0,1,1,1,1,0,0,0,1,0,0,1,0,1,1
Tabby O'Bruen,0,0,1,0,1,1,1,0,0,0,1,1,0,1,1,0,0,0,1,1,0,0,0,1,1,1,0,0,1,0,0,1,0,1,1,1,0
Mirelle Paute,0,0,0,1,1,0,0,1,1,0,0,0,0,0,0,0,1,1,1,1,0,0,0,0,1,0,1,1,0,0,0,1,1,1,0,0,0
Anatollo Shevlane,1,1,1,1,1,1,0,1,0,0,0,1,1,0,0,0,0,1,0,1,1,1,0,0,1,0,1,0,0,1,1,1,1,0,0,1,1
Jade Carayol,1,1,1,0,0,0,1,1,0,1,0,1,1,1,1,0,0,0,0,1,1,1,0,0,0,0,0,0,1,0,0,1,1,0,1,1,1
Murdock Turgoose,1,0,1,0,0,1,1,1,0,1,1,1,1,1,1,0,0,1,1,0,1,1,1,0,0,1,0,1,0,1,0,1,1,0,1,0,0
Janean Gorse,0,1,0,0,0,0,1,0,1,0,0,1,1,1,0,1,1,1,0,0,0,0,1,1,1,0,0,0,1,0,1,0,1,1,1,1,1
Drusilla Colcomb,0,1,1,0,0,0,1,1,0,1,0,0,0,0,1,1,1,0,1,0,0,0,1,1,1,0,0,1,0,1,0,0,1,0,0,0,0
Zebedee Seegar,1,1,0,0,0,0,0,0,1,1,1,0,1,1,0,0,0,1,1,0,1,1,0,0,0,0,0,0,0,0,0,0,0,0,0,1,0
Sheri Leaton,1,1,0,1,0,1,0,1,0,0,1,1,1,1,0,1,0,0,0,1,0,1,0,0,1,0,1,1,1,0,0,1,0,0,0,0,0
Tandie Keenleyside,1,0,0,1,0,1,1,0,0,0,1,0,1,0,1,1,0,1,1,0,0,1,1,1,1,0,0,1,1,0,1,0,1,1,0,0,0
Heather Van Der Weedenburg,0,0,1,1,1,0,0,0,1,1,1,0,0,1,0,1,1,1,1,1,1,1,1,0,1,0,1,1,0,1,1,1,0,0,0,1,0
Abbe Sallter,0,0,0,1,0,0,0,1,1,1,0,0,1,0,0,0,1,0,1,0,1,1,1,0,0,1,1,1,0,1,0,0,0,1,1,0,1
Diannne Adlem,0,1,0,1,1,0,1,1,0,1,1,0,0,0,1,0,0,0,0,0,0,0,1,0,1,1,1,1,0,1,1,0,1,0,1,1,1
Tull Omond,1,1,1,0,1,1,1,1,1,1,0,0,1,0,0,1,0,1,1,0,1,1,0,0,0,0,1,0,0,1,0,0,1,0,0,0,0
Jessi Donisi,1,1,1,0,0,1,1,0,1,0,1,1,1,1,0,0,1,1,1,0,1,0,0,1,1,1,1,0,0,0,0,0,0,1,0,0,0
William Hartup,1,0,1,1,0,0,1,1,0,1,1,1,1,1,0,1,1,1,1,0,1,0,0,0,1,1,1,1,0,0,0,1,1,0,0,0,0
Myrlene Hassall,0,1,1,1,0,1,1,1,0,0,0,0,0,1,0,1,1,0,1,1,1,1,0,1,0,0,0,0,0,1,0,1,0,1,0,0,0
Chadd Livick,1,0,1,1,1,1,0,0,1,1,0,0,1,1,1,0,1,1,1,1,1,0,1,0,0,1,1,1,1,1,0,1,1,0,0,1,0
Leila Paudin,1,1,1,0,0,0,0,0,1,1,1,1,0,1,0,1,1,0,0,1,1,0,0,0,1,0,1,0,0,1,1,0,1,1,1,1,1
Willy Domenge,0,1,1,0,0,0,1,1,0,1,0,1,0,1,0,1,0,0,0,0,0,0,1,0,0,0,0,1,1,1,0,0,1,1,1,1,1
Gherardo Tunesi,1,1,0,0,0,1,1,1,0,0,1,1,0,0,0,0,1,0,0,1,0,0,1,1,0,0,0,0,1,1,0,1,0,1,1,1,0
Giraldo Collumbine,0,1,0,0,1,1,0,0,1,1,0,1,1,0,1,1,0,0,1,0,0,0,1,0,0,0,1,1,1,1,1,0,0,1,0,0,1
Giorgio Maes,1,0,0,0,1,0,0,1,0,1,1,1,1,0,0,0,1,1,0,0,0,1,1,0,0,0,1,1,1,0,1,0,1,0,1,0,0
Jada Hayne,1,0,0,0,1,1,1,0,0,1,1,0,1,1,0,1,0,0,0,1,0,1,1,1,1,1,0,0,0,1,1,1,0,1,0,0,1
Terrijo Nevins,0,0,0,1,0,1,1,1,1,1,1,0,0,0,1,1,0,0,0,0,1,0,1,0,1,1,0,1,0,1,0,0,1,1,0,0,1
Nicholas Odby,0,0,0,0,0,0,1,0,1,1,0,1,0,0,1,0,1,1,0,1,1,0,0,0,0,1,0,1,1,1,0,0,1,0,1,0,1
Trenton Angrave,0,0,0,1,0,1,1,1,0,0,0,0,1,1,0,1,1,0,1,0,1,0,0,1,1,1,0,1,0,1,1,0,1,0,1,1,1
Reidar Peaple,1,0,1,1,0,1,0,1,0,1,0,0,0,0,1,0,1,0,0,0,1,0,1,0,0,1,0,1,0,0,1,1,0,0,0,1,1
Zandra Strangeways,0,1,1,0,1,1,1,0,0,0,0,0,0,0,0,0,1,1,1,1,0,1,1,1,1,0,1,1,1,0,0,0,1,0,0,0,1
Joane Birdfield,0,1,0,0,1,0,0,1,0,1,1,0,0,0,1,0,1,1,0,0,1,0,1,0,0,1,1,1,0,0,1,1,0,1,0,1,1
Jemimah MacKerley,1,1,0,1,0,1,0,1,0,1,1,1,1,1,0,1,1,1,0,0,0,0,1,1,0,0,0,0,1,0,0,1,1,0,0,0,0
Gretna Abramow,0,1,0,1,1,0,0,1,1,1,0,0,1,1,0,1,1,1,1,1,0,1,1,0,0,0,1,1,0,0,1,0,0,0,1,0,0
Yankee Elen,0,1,0,0,1,0,1,1,1,1,1,1,0,0,1,1,0,1,0,0,1,1,0,0,0,0,1,0,0,0,0,0,1,1,1,0,1
Erica Polotti,1,0,0,0,0,0,0,0,1,0,0,0,0,0,0,1,1,0,1,1,0,0,1,0,1,1,0,0,1,0,1,1,0,1,0,1,1
Risa Barefoot,1,0,1,1,0,1,1,0,0,0,1,0,0,0,0,1,0,1,0,1,0,1,0,0,1,0,1,1,0,0,0,1,1,0,0,0,1
Maje Philot,1,1,1,1,0,0,1,1,0,1,1,1,1,1,0,0,0,0,1,1,0,0,1,0,1,1,0,0,1,0,0,0,1,0,1,1,1
Ronalda Gerholz,1,1,1,1,0,0,0,0,1,1,1,1,1,1,0,1,1,1,0,1,1,1,1,1,1,1,1,1,1,0,1,1,0,1,1,1,1
Arlena Glendenning,1,1,1,0,1,0,0,1,0,0,0,1,1,1,1,0,0,0,0,0,1,1,1,0,0,0,1,0,0,1,0,1,0,1,1,1,0
Prudence Hysom,1,1,1,0,0,1,1,1,0,0,0,1,1,0,0,0,0,1,1,0,0,0,0,0,0,0,1,0,1,1,0,1,0,0,0,0,0
Caresse Morrill,1,1,1,1,1,1,1,1,1,0,1,1,0,1,0,0,0,1,0,0,1,1,1,0,1,0,1,1,1,1,0,1,0,1,0,0,1
Scarlet Sterricker,1,0,1,1,1,0,0,1,1,1,1,0,0,0,0,0,1,0,0,0,1,1,1,1,0,1,1,0,1,0,0,0,1,0,1,1,1
Luella Boynes,0,1,0,1,0,0,0,0,1,0,0,0,1,1,0,1,1,0,1,0,1,1,0,1,0,1,0,0,0,0,0,1,0,1,0,0,0
Melosa Plitz,1,1,1,0,1,0,0,0,0,0,0,0,1,1,0,0,0,1,0,0,1,0,0,1,0,0,1,1,0,1,0,1,1,1,0,0,0
Cecilius Primrose,1,0,0,1,1,1,1,0,0,1,0,1,0,0,0,0,1,0,0,0,0,0,0,0,1,0,1,0,1,1,0,0,1,1,0,0,1
Buiron Tingle,0,1,0,0,1,0,1,1,0,0,1,0,0,1,1,1,0,1,0,0,0,0,0,0,0,1,1,1,1,1,0,1,0,1,1,1,1
Celene Walmsley,1,0,1,0,1,0,1,0,1,1,1,0,1,1,0,0,1,0,0,1,1,1,0,1,0,0,0,1,1,0,1,0,1,0,1,1,0
Ofilia Dickon,1,1,0,0,0,0,0,1,0,1,0,0,1,0,0,1,1,1,0,0,0,1,1,0,1,1,0,1,0,1,0,1,1,0,0,0,1
Iain MacNish,0,1,0,1,1,1,0,1,0,0,1,1,0,0,0,1,0,0,0,1,0,0,0,1,0,0,0,1,1,0,1,1,0,1,1,0,0
Charita Leser,1,1,1,0,0,1,1,1,0,0,1,1,0,1,1,0,0,1,1,0,1,0,1,1,1,1,1,1,0,1,0,0,1,0,1,0,0
Allyn Batiste,1,0,0,1,0,0,0,0,0,1,1,1,0,1,0,1,1,1,0,1,1,0,0,0,1,1,1,0,0,0,1,0,1,1,0,0,0
Jourdain Tofts,1,0,0,0,1,0,1,0,1,1,1,0,0,0,0,1,0,0,0,1,1,1,1,0,1,0,0,0,0,0,1,1,0,0,1,1,0
Johnny Maroney,0,1,0,0,0,1,0,0,1,1,0,0,0,0,1,1,1,1,1,1,1,0,0,0,0,0,0,0,0,1,0,1,0,0,0,1,1
Thornton Finder,1,0,0,0,1,0,0,1,0,1,1,1,0,0,0,0,1,0,1,0,0,0,0,0,1,0,0,1,0,1,1,1,1,1,1,1,0
Grace Cropp,1,0,1,0,0,1,1,0,0,0,0,1,1,0,1,1,1,1,0,1,1,1,1,1,1,1,0,0,0,1,0,0,1,1,0,0,1
Johannes Bullin,1,1,0,0,1,1,0,0,0,1,1,1,0,0,1,0,0,0,0,1,1,0,1,1,1,1,0,1,1,1,1,1,1,0,1,0,0
Misha Thayre,1,0,1,0,1,1,0,1,0,1,1,1,0,1,1,1,0,1,0,0,1,0,1,1,0,1,0,0,0,1,1,0,0,1,0,0,0
Fidelity Januszewicz,1,0,0,1,1,1,1,1,1,1,1,0,1,1,0,0,1,1,0,1,1,1,1,1,1,0,1,0,1,0,1,0,1,0,1,1,1
Shanon Spearett,1,1,0,1,0,0,0,1,1,1,1,0,0,0,1,1,1,1,1,1,0,1,0,1,0,0,0,1,1,1,1,0,1,1,1,0,1
Aundrea Halfacree,1,0,1,0,0,0,1,1,0,0,1,0,1,1,1,1,0,1,0,0,1,1,1,1,0,1,0,0,0,1,0,1,0,1,1,0,0
Allison Gail,1,0,1,1,0,1,1,0,0,1,1,1,1,0,1,0,1,1,0,0,1,1,1,0,0,0,0,1,1,1,0,1,1,0,0,0,1
Martyn Robelow,1,0,1,0,1,1,1,1,1,1,1,1,1,1,0,0,0,1,1,1,1,1,0,1,0,1,0,1,1,1,0,1,1,1,1,1,1
Romonda Jeavon,0,1,1,0,0,1,0,1,1,1,0,1,0,1,1,0,1,1,1,1,0,0,0,0,0,1,1,0,0,1,0,0,0,0,0,0,0
Natala Durbin,0,0,1,0,0,1,1,0,0,1,1,0,0,0,0,1,1,1,1,1,1,0,1,0,1,0,1,0,1,1,1,0,1,0,1,1,0
Symon Netley,1,0,0,0,1,1,1,0,0,1,1,0,1,0,1,1,1,1,0,1,1,1,0,0,0,0,1,0,0,0,1,1,0,1,1,0,1
Corette Arguile,1,0,0,1,0,1,1,0,1,1,0,0,1,1,1,0,0,0,1,1,1,0,0,1,1,0,0,0,0,0,1,0,0,1,1,0,1
Valentine Pimerick,0,0,1,0,0,1,1,0,1,0,0,0,1,0,0,1,0,0,1,0,0,1,0,1,0,1,0,0,1,1,1,1,0,0,0,0,1
Maggee Volant,1,1,1,0,1,1,1,1,1,0,1,0,1,1,0,0,0,0,1,0,0,0,1,1,1,1,0,0,0,0,1,0,1,1,1,0,1
Tymon Ounsworth,1,0,0,1,0,0,1,0,1,1,0,1,1,1,0,0,1,1,1,0,0,1,1,1,0,0,0,0,0,1,1,0,0,1,0,0,0
Andrea Sancto,0,0,1,1,1,1,0,0,0,1,0,0,1,0,0,1,0,0,0,1,1,1,0,0,0,0,1,1,1,1,0,1,1,0,0,1,1
Hattie McGillacoell,0,0,1,1,1,1,0,0,0,0,1,1,1,0,1,1,1,0,0,0,0,0,1,0,0,1,0,0,1,0,0,1,0,1,0,0,1
Ardis Ferreiro,1,0,1,1,1,1,1,1,1,0,0,1,1,0,1,0,1,0,0,0,1,1,0,0,1,1,0,1,1,1,0,0,1,0,0,1,1
Zebadiah Foggo,0,0,1,1,0,0,1,1,1,1,1,1,0,1,1,0,1,1,1,1,0,1,1,1,0,1,0,1,1,0,1,0,0,0,0,0,0
Rivy Faichnie,0,0,1,1,0,0,0,0,1,0,0,0,0,0,0,0,1,0,0,0,0,1,1,0,1,1,0,1,1,1,1,0,1,0,0,0,1
Florina Lafuente,0,1,1,1,0,1,0,0,0,1,0,1,1,0,1,0,1,0,1,1,1,0,1,1,1,0,0,1,1,0,1,0,0,1,0,0,1
Zaria Mansford,1,0,1,1,1,0,0,0,1,0,1,0,0,1,1,1,0,0,1,0,0,1,1,1,1,1,0,1,1,1,0,0,1,0,1,0,1
Lesley Flott,0,1,1,1,0,1,1,0,1,1,0,1,1,1,1,0,1,1,1,1,0,0,0,1,1,0,1,1,0,1,1,0,1,0,0,0,0
Lavinia Treeby,1,1,0,1,1,0,0,1,0,0,0,1,1,1,1,1,1,1,0,0,0,1,1,1,1,1,0,0,0,1,1,1,0,0,0,0,1
Shamus MacKniely,1,1,1,1,1,1,0,1,1,0,0,0,0,0,1,0,0,0,1,0,0,1,0,1,1,0,0,1,0,0,1,0,0,0,1,1,1
Manolo Feighney,0,0,0,0,1,0,1,1,1,0,1,1,0,0,1,0,1,1,0,1,1,1,1,0,0,0,0,0,1,0,0,1,0,1,1,1,0
Porter Hansbury,0,0,0,0,0,1,0,1,1,0,1,1,0,1,1,0,1,1,1,1,1,1,1,1,0,0,1,1,0,0,0,0,0,1,0,1,1
Celene Bretherick,0,1,1,1,1,1,0,0,1,0,1,1,1,0,1,1,1,0,1,1,0,0,0,1,0,0,0,1,0,1,1,1,0,1,1,1,0
Leonid Quinell,1,0,1,1,1,1,0,1,0,1,1,0,0,0,1,0,1,0,1,1,0,1,1,1,0,0,0,1,0,1,1,1,1,1,0,1,0
Eldin Quarlis,0,0,1,0,0,1,0,1,1,0,0,0,0,0,1,0,0,0,0,1,1,1,0,1,0,0,0,1,1,0,1,0,1,0,1,0,0
Lombard Hickin,0,0,1,0,1,0,0,1,0,0,1,1,0,1,1,0,1,1,0,1,0,1,0,1,0,0,1,0,0,0,1,1,0,1,0,0,1
Van Mc Caughan,1,1,1,1,0,0,1,0,0,0,1,0,0,1,0,1,0,1,1,0,1,0,1,1,1,0,1,1,1,0,0,0,1,1,1,1,1
Shannah Gracey,1,0,1,1,1,0,0,1,1,1,0,1,0,0,1,1,0,1,1,0,1,1,0,1,0,1,0,1,1,0,0,0,1,0,0,0,1
Britt Strooband,0,0,1,1,1,0,0,0,1,1,1,1,1,1,0,0,0,0,0,0,1,0,0,1,0,1,0,1,0,0,1,0,1,0,1,0,1
Philipa Carlyle,1,0,0,1,0,1,1,0,1,0,1,1,0,1,1,0,1,1,1,1,1,0,1,0,0,1,1,1,0,0,1,1,0,0,1,0,1
Kelwin Jasper,0,1,0,1,1,1,1,1,0,1,0,1,1,1,1,0,0,1,0,1,0,1,0,1,0,1,0,0,1,1,0,0,0,1,1,1,0
Lyn Fiddyment,0,1,0,0,0,0,1,1,0,1,1,0,0,0,1,0,1,1,1,0,0,1,0,0,0,0,0,0,0,1,1,0,0,0,1,0,0
Heddi Saterthwait,0,1,1,1,0,1,1,1,0,0,1,1,0,0,1,0,0,0,1,0,0,1,1,1,1,0,1,0,1,1,0,1,1,1,0,0,1
Sidney Mailey,1,0,1,1,0,1,0,0,1,0,0,0,1,0,1,0,1,0,0,1,1,1,1,1,1,1,0,0,1,0,0,0,0,1,1,0,0
Walther Prenty,0,1,1,0,0,0,0,1,1,1,0,0,1,1,0,1,1,1,0,1,0,0,0,1,0,0,0,0,0,1,1,1,1,1,1,1,0
Cosmo Ivanshintsev,1,0,1,1,1,0,0,1,1,0,1,1,1,0,1,1,0,1,1,1,0,0,0,1,1,0,1,0,0,0,0,1,0,0,0,0,0
Davidson Kuhl,1,1,1,1,1,1,0,0,0,0,1,0,0,1,1,1,1,0,0,0,0,0,0,0,1,1,0,0,1,1,0,0,0,0,1,1,0
Nanon Davley,1,1,0,1,0,0,1,1,1,1,1,1,0,1,1,1,1,1,0,0,0,1,1,0,1,0,1,0,1,1,0,0,0,0,1,1,1
Aland Dillinger,1,1,0,0,1,1,1,1,0,1,0,0,1,0,0,1,0,0,0,0,0,0,0,0,1,0,1,0,1,1,0,1,1,1,0,1,0
Fredrika Paice,1,0,0,1,1,0,1,0,0,0,0,0,1,1,1,1,1,0,0,1,0,1,1,0,1,1,0,1,1,0,1,1,0,1,0,1,1
Niccolo Rimell,0,0,1,1,1,0,0,1,1,0,0,0,1,1,0,0,0,1,1,0,1,0,1,1,1,1,0,0,1,1,1,1,0,1,1,0,1
Millie Beardsley,0,0,1,1,0,0,1,1,1,0,1,1,1,0,0,1,0,0,1,1,1,1,0,1,1,0,1,1,1,0,0,0,1,1,1,1,0
Taylor Ossulton,1,1,0,1,1,0,1,1,0,1,1,0,1,0,0,1,0,0,1,0,1,0,0,1,0,0,1,1,0,0,0,1,0,1,0,1,0
Norina Ferschke,1,1,1,0,0,0,0,1,1,1,1,0,0,0,1,1,1,1,1,1,1,0,0,0,1,0,1,1,1,0,1,0,1,1,1,1,1
Thea Lindwasser,1,1,1,1,1,0,1,0,0,0,1,0,0,0,1,0,1,1,1,1,0,1,0,0,1,1,0,1,1,1,0,0,0,0,1,1,1
Durant Mattholie,0,0,0,1,1,0,0,0,1,0,1,0,0,1,1,0,1,0,0,1,1,1,1,1,0,1,1,1,0,0,0,0,1,1,0,1,1
Culver Grantham,1,0,1,0,0,0,0,1,1,0,0,0,1,0,0,0,1,1,0,0,0,0,1,0,1,1,1,1,1,1,1,1,1,0,0,0,1
Bayard Neggrini,1,1,0,1,0,0,0,1,1,0,0,1,0,0,0,1,0,1,1,1,0,1,0,0,1,0,1,0,1,0,0,0,0,1,1,1,1
Rudy Keynes,0,0,1,1,1,1,0,0,0,1,0,1,0,1,0,0,0,1,1,0,1,0,0,0,0,0,0,0,1,0,1,1,0,1,1,0,1
Warren Collett,1,0,0,0,0,1,1,0,1,1,1,1,0,1,1,0,0,0,1,1,0,0,0,0,1,1,1,1,0,0,0,1,0,1,1,1,1
Phedra Rubinlicht,0,1,0,1,0,1,0,0,0,1,1,1,0,0,1,0,1,0,1,0,1,0,0,1,0,0,0,1,0,0,0,1,1,0,1,0,1
Carce Morpeth,0,0,0,0,0,0,1,0,1,1,1,0,0,0,0,1,1,1,1,1,1,0,0,0,1,1,1,1,1,0,1,0,1,1,0,1,1
Humphrey Diddams,0,0,0,0,0,0,0,1,0,1,1,1,1,1,0,0,1,1,1,1,1,1,1,1,0,0,1,1,0,1,1,1,0,0,0,0,1
Konstanze McGarrell,1,0,1,1,1,1,1,0,1,1,0,0,0,1,0,1,1,1,1,0,1,0,1,0,0,1,1,0,1,1,0,1,0,0,1,1,0
Lynnea Lovick,0,0,0,1,0,0,0,0,0,0,0,0,0,0,1,0,1,1,1,0,0,1,1,1,0,0,1,0,1,0,0,1,1,1,1,0,0
Robena Guilleton,1,1,1,1,0,0,1,1,1,0,0,0,0,1,1,1,1,0,0,1,0,1,1,0,0,1,0,0,1,0,0,1,1,0,1,1,1
Maxy Johanssen,0,1,1,0,0,0,0,1,1,0,1,0,0,0,1,0,0,1,0,1,0,0,0,1,1,1,0,1,0,0,1,1,0,1,1,1,1
Ivonne Musslewhite,0,1,0,0,0,0,0,1,0,0,1,0,0,1,0,1,1,1,1,1,0,0,0,1,1,0,0,0,1,0,1,0,0,1,0,0,1
Electra Crowcher,1,0,0,1,0,1,1,1,1,0,0,0,1,0,1,0,0,0,0,1,1,0,1,1,0,1,1,0,1,0,1,1,0,0,0,1,1
Tades Hacket,0,1,0,0,0,0,0,1,1,0,0,0,0,1,1,0,1,0,0,1,1,1,0,0,1,1,0,1,0,0,1,0,0,0,0,0,0
Kort Romney,0,1,0,0,1,1,1,1,0,0,1,0,1,0,0,0,0,0,1,1,0,0,1,0,0,1,0,0,1,0,0,0,1,0,1,0,1
Cinderella Strephan,1,0,0,1,0,1,0,0,1,1,0,1,0,1,1,0,1,0,0,1,0,0,1,1,1,0,1,1,1,0,0,1,0,0,1,0,1
Demetris Fosserd,0,0,0,1,0,0,1,1,0,0,1,0,1,1,0,1,0,0,0,0,0,0,0,0,0,1,0,1,0,0,0,0,0,0,0,0,0
Miranda Stenning,1,0,1,0,0,0,0,0,0,1,0,0,0,0,0,0,1,0,1,0,1,0,0,0,1,0,0,1,1,0,1,1,1,0,1,0,1
Warden Doxey,0,1,1,0,0,1,1,1,0,1,0,0,1,0,0,1,0,0,1,0,0,0,1,1,0,0,1,0,0,0,1,1,1,0,0,0,1
Whitney Redsell,1,0,0,1,1,1,0,0,0,1,0,1,1,1,0,0,1,0,1,1,0,0,1,1,1,1,1,0,1,1,1,0,0,1,0,1,0
Aurie MacMechan,0,1,0,0,0,0,0,1,0,0,0,1,1,1,1,0,0,0,0,0,0,0,0,1,0,0,0,1,0,1,1,0,0,0,0,1,0
Huntlee McGinley,1,0,1,0,0,1,1,1,0,1,0,0,1,1,0,1,1,0,0,1,0,0,1,0,0,0,0,0,0,1,1,1,0,0,0,0,0
Garnet Pretsel,1,0,0,0,1,0,0,0,1,0,0,0,0,1,1,1,0,1,1,1,0,1,0,0,1,1,1,1,0,1,1,1,0,1,0,1,1
Frayda McAless,0,1,1,1,1,0,0,0,0,1,0,1,0,1,0,0,0,1,1,0,1,1,1,0,0,1,1,1,1,1,1,0,0,0,0,0,0
Woodman Fosse,0,1,1,1,0,1,0,0,1,0,0,1,1,0,0,0,0,0,0,0,1,1,1,1,1,1,0,1,1,1,1,0,0,1,1,0,0
Shirlene Mannagh,0,1,0,0,0,0,0,1,1,0,0,0,1,1,0,0,1,0,1,1,1,1,1,0,0,1,0,1,1,0,1,0,1,0,0,1,0
Margie McGaughey,1,0,1,0,0,1,1,0,1,0,0,0,1,0,0,0,1,0,1,0,0,0,0,0,1,0,1,0,1,0,0,0,1,0,1,0,1
Annamarie Zapata,1,0,1,1,0,0,1,1,1,0,0,0,1,0,0,1,0,0,0,0,1,1,1,1,0,0,0,0,0,0,0,1,0,1,0,1,0
Archaimbaud Faire,0,1,0,0,0,0,0,1,0,0,0,0,0,0,1,0,0,0,0,1,1,0,0,1,1,0,0,1,1,1,1,1,0,1,1,1,1
Maggie Olenchenko,1,1,0,1,0,1,1,0,1,0,1,0,1,1,0,0,0,0,1,0,1,1,1,0,0,1,1,0,0,1,1,1,1,1,0,0,1
Olivie Antoons,0,0,1,0,0,0,1,0,0,1,1,0,0,0,0,0,1,1,0,1,1,1,0,0,0,1,0,1,1,0,0,0,1,1,0,1,1
Aldis Tootell,1,0,1,0,0,1,1,0,0,0,1,0,1,0,0,1,1,0,1,1,0,1,0,0,1,1,1,0,1,0,0,0,0,0,1,0,1
Sebastiano Dane,0,0,1,1,1,0,1,0,1,0,0,0,0,1,1,1,1,1,1,0,1,0,0,1,0,1,0,0,1,1,1,1,0,1,1,0,0
Katerina Gaymer,0,1,0,1,1,1,0,0,0,0,0,0,1,1,0,1,1,1,0,0,0,1,0,0,0,1,0,1,0,1,0,0,0,1,0,0,0
Delly McAulay,1,0,0,0,1,0,0,0,1,1,0,0,0,1,1,0,0,1,0,1,1,1,1,0,1,0,0,1,0,1,0,1,1,1,0,0,1
Matteo Atwater,1,1,1,1,0,0,1,1,0,0,0,1,0,1,0,1,0,0,1,0,0,1,0,1,1,1,1,0,0,0,1,1,1,0,0,0,1
Bernard Fayerman,1,1,0,1,1,0,0,1,0,1,0,0,0,1,1,0,1,1,1,1,1,0,1,1,1,0,0,1,0,1,1,1,0,1,0,1,1
Jeramey Kalisch,0,0,0,0,0,1,0,1,1,0,1,0,0,0,1,0,1,0,0,0,1,1,1,0,1,0,1,0,0,0,1,0,0,1,0,0,0
Lorry Baxster,1,1,0,0,1,0,0,0,1,0,1,0,1,0,1,1,0,1,0,1,0,1,1,1,0,1,1,0,1,0,0,1,0,0,1,0,1
Celene Pawlick,1,0,0,0,1,0,1,0,1,1,0,1,0,1,1,1,1,1,1,0,0,0,0,0,1,0,1,1,1,0,1,0,0,1,1,1,1
Isador Rodliff,0,0,1,1,1,0,0,1,1,1,0,1,1,1,0,1,0,0,1,0,1,1,1,0,0,1,0,1,0,0,0,1,1,0,1,0,0
Warren Darlison,0,1,0,1,0,0,1,1,0,0,0,0,0,0,1,1,0,1,0,0,1,1,1,0,0,1,0,0,0,1,0,0,1,1,1,1,0
Andres Ert,0,1,0,1,1,1,1,0,1,1,1,1,0,1,0,1,0,0,0,1,1,0,1,0,0,0,1,0,1,0,0,0,0,1,0,0,1
Heall Jickles,0,0,0,0,0,1,0,1,0,1,1,1,0,0,0,1,1,0,1,1,1,1,0,1,1,0,0,0,0,0,1,1,1,0,0,0,1
Lilias Andrusyak,0,0,1,1,0,1,0,0,0,0,1,0,1,0,1,1,0,1,1,1,1,1,0,0,0,0,1,1,1,1,0,0,1,0,0,1,1
Norbie Herity,0,0,0,0,0,1,0,1,1,1,1,1,1,1,1,1,0,0,0,1,0,1,0,0,1,0,0,1,1,0,1,0,1,1,1,0,1
Meggie Tedahl,0,0,0,1,1,1,1,1,0,1,1,1,1,1,1,0,0,0,0,0,1,0,1,0,0,1,1,0,0,1,0,0,0,1,1,1,0
Averil Lyfe,0,0,0,1,1,1,1,0,0,0,1,0,1,1,1,0,0,1,1,1,0,1,1,0,1,0,1,0,0,1,0,1,0,0,0,0,1
Issy Frill,1,0,0,1,1,0,0,0,0,1,1,0,1,1,0,1,1,1,1,0,1,0,0,0,0,1,0,1,1,1,0,0,1,1,1,0,1
Gabbey Perrett,1,1,0,0,0,1,0,0,0,1,1,1,0,0,0,0,1,0,1,1,1,0,1,0,1,1,1,1,1,0,1,0,1,1,0,0,1
Vallie Christal,0,1,1,1,1,1,0,0,0,0,0,0,1,0,1,0,1,0,0,0,0,1,1,0,1,1,0,1,0,1,0,0,0,1,1,1,0
Thane Battle,0,0,1,0,0,0,0,0,0,1,1,1,1,0,0,0,1,0,1,0,1,1,1,0,1,0,1,1,1,0,1,0,0,0,0,1,0
Livvyy Mokes,1,0,0,0,0,1,1,0,1,0,1,0,1,1,0,0,1,1,1,0,1,0,1,1,1,0,0,1,0,0,1,0,1,1,1,0,0
Garnette Blandford,0,0,0,1,1,0,0,1,1,1,0,0,0,0,1,0,0,1,0,0,0,0,0,1,0,1,0,0,0,0,0,0,1,1,1,0,1
Raymund Follin,0,1,1,1,0,1,1,1,1,1,1,1,1,1,1,1,1,0,0,1,1,1,0,1,0,0,1,1,1,1,0,0,0,0,1,0,0
Demetris Girtin,0,1,1,1,0,1,0,0,0,1,0,1,1,1,1,1,1,0,1,1,1,0,0,0,1,1,0,0,1,1,0,0,1,1,0,0,1
Lottie Chafer,1,0,1,1,1,0,1,1,0,0,0,0,1,0,1,1,0,0,1,0,0,0,1,0,0,0,1,1,0,0,1,0,0,1,0,1,0
Wiley Frigout,1,0,0,1,1,1,0,0,0,1,1,1,1,1,1,0,1,1,1,0,1,0,1,0,0,1,1,0,0,1,0,0,1,1,0,0,0
Tedd Prendeville,1,0,1,0,1,1,0,1,0,0,1,0,1,0,0,1,1,1,0,0,0,1,0,1,1,0,1,0,0,0,1,0,1,1,1,0,0
Dulcie De Meyer,1,1,0,1,0,0,0,1,0,1,1,0,1,0,0,1,0,1,0,1,1,0,1,1,1,0,0,0,1,1,0,0,0,0,1,0,0
Lexi Gildersleeve,1,0,1,1,0,1,1,0,0,0,0,0,1,0,0,0,1,1,1,1,1,1,0,0,1,1,0,0,0,1,0,0,0,0,0,0,0
Zacharie Brindley,1,1,1,0,0,0,0,1,0,0,0,0,1,1,1,1,1,0,0,1,0,1,0,0,1,1,1,0,1,1,1,0,1,1,0,1,1
Alexa d'Escoffier,1,0,0,0,0,0,1,1,0,1,1,1,1,1,0,1,0,1,0,0,1,1,0,0,1,1,0,1,1,0,1,1,1,1,1,1,0
Fidole Sherratt,1,1,0,1,1,1,0,1,0,1,0,0,1,0,0,0,0,1,1,1,1,0,1,1,0,0,1,0,1,0,1,1,0,0,1,1,0
Frans Gathercole,0,0,0,1,0,1,0,1,1,0,0,1,1,1,0,0,1,0,1,0,0,1,0,0,0,1,0,0,0,1,1,1,1,0,0,1,1
Shantee Aizikovich,0,1,1,0,1,0,0,0,1,1,0,1,1,0,1,1,0,1,0,1,1,1,0,1,0,0,0,1,1,0,1,0,0,1,1,1,0
Markos Boncore,1,0,0,0,0,1,0,1,1,0,0,1,1,1,0,0,0,0,0,1,1,0,1,1,0,0,0,1,1,0,0,0,0,0,1,0,1
Juan Robotham,1,0,0,0,0,0,1,1,0,0,1,1,1,0,1,0,0,1,1,1,1,0,1,1,0,1,0,0,1,1,1,0,0,1,0,0,1
Jodi Prazer,1,0,0,0,1,1,0,1,1,1,0,0,0,1,1,0,1,0,0,0,0,0,0,1,1,0,0,0,0,0,0,1,0,1,1,0,1
Vyky Mixworthy,1,0,0,1,0,1,1,1,0,1,0,1,1,1,1,0,1,0,1,0,1,1,1,1,0,0,1,1,1,1,0,1,1,0,1,1,1
Kellsie Vaissiere,0,0,0,1,1,0,0,0,1,1,0,1,0,0,1,0,0,1,1,1,0,1,1,1,0,0,1,1,1,0,0,0,1,0,1,0,1
Lindon Tott,1,0,1,0,1,1,0,1,1,0,1,0,0,1,1,0,0,0,1,1,1,1,1,1,1,0,1,0,0,0,0,1,0,0,0,1,0
Tillie Dessent,0,1,1,1,0,1,0,1,1,1,0,0,0,0,1,0,0,1,0,0,1,1,0,1,1,0,0,1,0,1,0,1,1,1,0,0,1
Lauritz Cregg,1,0,0,1,1,1,0,0,1,0,1,1,1,0,1,1,1,1,1,0,1,1,1,1,1,1,0,0,0,1,1,0,0,1,0,1,1
Pia Moggan,0,1,0,0,0,1,1,1,1,1,0,1,0,1,0,0,0,0,0,1,0,0,0,0,0,1,0,0,0,1,0,0,0,0,0,0,1
Shandeigh Macey,1,0,0,0,0,1,1,1,0,0,0,1,1,1,0,0,0,1,1,0,1,1,1,0,0,0,1,0,0,1,0,0,0,1,0,1,0
Denny Bricknall,1,1,0,1,0,0,1,0,0,1,0,0,1,0,1,0,1,1,1,1,1,0,0,0,1,0,1,0,1,1,0,1,0,0,0,0,0
Beryle Roman,0,1,1,1,0,1,1,0,1,0,0,1,0,0,0,1,1,1,0,0,1,0,0,0,0,0,1,0,0,1,0,1,1,0,0,1,0
Dulcy Ponder,0,0,0,0,1,1,1,1,1,1,1,1,1,1,1,0,1,0,1,0,1,0,0,1,0,0,1,0,0,0,1,1,1,1,0,1,1
Honoria Godier,0,1,0,1,0,0,0,0,0,1,1,0,0,1,0,0,1,1,0,1,0,1,1,1,1,1,0,1,0,0,1,1,1,0,0,0,1
Brigitte Glusby,1,1,1,1,0,0,0,1,0,1,1,0,1,1,1,1,1,0,1,1,1,1,1,0,1,1,1,1,0,1,1,1,1,0,1,1,1
Ive Ditter,1,0,0,0,0,1,1,0,1,0,1,1,1,1,1,1,1,1,0,1,1,0,1,1,0,1,1,1,1,1,0,1,0,0,0,0,1
Sukey Colquhoun,0,0,0,1,1,0,0,1,0,1,1,0,0,0,1,0,0,1,1,0,0,0,0,1,0,1,1,1,0,0,1,1,0,0,1,0,1
Vinita Edlin,1,0,0,0,0,0,0,1,1,0,1,0,1,1,0,0,1,1,1,1,0,1,1,1,0,1,1,0,0,1,1,1,1,0,1,0,1
Morgana Pepperrall,0,1,1,1,1,1,0,1,0,1,0,0,1,0,0,0,1,1,1,1,1,1,0,1,0,1,0,0,1,1,0,1,1,0,1,0,0
Marys Scrimshire,1,0,1,0,1,0,1,0,0,1,1,0,1,1,0,1,0,0,0,1,1,0,0,0,1,0,0,0,0,0,0,1,1,0,1,0,1
Tadeo Marron,1,1,1,0,1,1,1,0,1,1,1,0,1,1,1,0,1,0,1,1,1,0,0,0,1,1,1,0,0,0,1,0,1,1,1,0,1
Danell Freckelton,1,0,1,0,1,1,0,1,1,0,1,0,0,1,1,0,0,0,0,0,0,1,1,0,0,0,0,0,0,1,1,1,1,0,1,1,0
Erastus McIlory,1,1,0,1,1,1,0,1,0,0,1,1,0,1,1,1,0,0,0,0,0,0,1,1,0,0,0,1,1,0,0,0,0,1,1,1,1
Tanya Fiddymont,0,0,0,0,0,1,0,0,1,0,0,1,0,1,0,1,1,1,1,1,0,0,1,1,0,1,0,1,1,0,1,1,0,0,0,1,1
Myer Thebes,1,1,1,0,1,1,1,1,1,1,1,0,0,1,0,1,0,1,0,1,1,0,0,0,0,1,1,1,1,0,1,0,1,0,0,1,1
Mick Diplock,1,1,0,1,1,0,0,0,0,0,1,0,0,0,0,0,0,0,1,0,1,0,1,0,0,1,0,1,0,1,0,1,1,1,1,0,0
Filia Clifford,0,0,1,0,0,0,0,1,1,1,0,1,1,0,1,0,0,1,0,0,1,1,1,0,1,1,1,1,1,0,0,0,0,1,0,1,1
Avrom Gabbitas,0,0,0,1,0,1,0,0,0,1,1,0,0,0,1,1,1,1,1,1,0,1,0,1,1,1,1,0,1,0,0,0,1,1,0,0,1
Aida Divis,0,0,1,1,0,1,0,1,0,0,0,0,1,0,0,0,1,0,0,0,1,1,0,0,1,1,1,0,0,0,0,1,1,0,1,1,1
Mariquilla Happer,1,1,1,0,0,0,1,0,1,1,1,1,0,0,1,0,1,0,1,1,0,0,1,1,0,0,0,0,1,0,1,1,1,0,1,0,0
Wilma Theodore,1,0,0,1,1,1,1,0,1,1,0,0,0,0,0,1,0,0,1,0,1,1,1,1,0,1,1,0,1,0,1,1,0,0,0,1,1
Bernice Corley,0,0,1,0,0,1,0,0,1,0,1,1,0,1,1,1,0,0,1,0,0,1,1,0,1,1,1,0,0,1,0,1,0,1,1,0,0
Donica Foystone,1,1,1,1,1,1,0,0,0,1,1,1,0,1,1,1,1,0,1,1,1,0,1,0,0,1,1,1,1,1,0,1,0,0,1,1,0
Grier Klossmann,1,0,1,1,0,0,0,0,0,1,0,0,0,1,1,0,1,0,0,1,0,0,1,0,1,0,0,0,0,0,1,1,1,0,1,0,1
Amil Cleverly,0,1,0,1,1,0,0,0,0,1,0,1,0,0,1,0,0,1,1,0,1,1,0,0,0,1,0,1,1,0,1,0,1,0,1,1,0
Corinna Boltwood,0,0,0,1,0,0,1,1,0,1,1,1,1,0,0,1,1,0,1,0,1,0,1,0,0,1,1,1,1,1,1,0,0,1,1,0,1
Shelton Synke,0,0,0,0,0,1,0,0,0,1,1,0,0,0,0,0,1,1,0,0,0,1,0,0,0,1,1,0,1,1,1,0,1,0,1,0,1
Rodd Avramov,0,1,0,0,1,0,1,1,1,1,0,0,0,0,1,1,1,0,1,1,0,0,1,0,0,0,0,0,0,0,1,0,1,0,0,1,0
Marrilee Stearnes,1,0,0,0,0,0,0,1,0,0,1,1,0,0,1,0,1,1,0,0,0,0,1,0,0,0,0,1,0,0,0,1,1,1,0,0,1
Madge Joskovitch,0,1,0,1,1,1,1,1,1,0,0,0,0,1,1,1,1,0,1,0,0,1,0,1,0,1,1,0,0,0,1,1,0,1,0,0,0
Bonnibelle Redparth,1,1,0,1,1,0,0,0,0,1,1,0,0,0,1,0,0,0,0,1,1,0,0,0,1,0,0,0,1,0,1,1,0,0,0,0,1
Elias Mulles,0,0,0,0,0,1,0,0,1,0,0,0,0,0,1,0,1,0,0,1,1,0,1,0,1,0,1,1,1,0,0,0,0,0,1,0,0
Jeramey Vedenyapin,0,1,0,0,0,1,1,1,0,0,0,1,1,0,0,0,1,0,0,1,0,1,0,1,0,1,0,0,1,0,1,0,1,0,0,0,0
Yolane Voelker,1,0,0,1,1,0,1,1,0,1,0,1,1,0,0,0,0,1,1,0,1,1,1,0,1,0,1,1,0,1,1,0,1,1,0,1,0
Hank Hamlyn,0,0,1,1,1,0,1,0,1,1,1,0,1,0,0,0,1,1,1,1,1,1,1,0,1,1,0,0,1,0,0,0,1,0,0,0,0
Kori Dufaire,1,0,1,1,0,0,1,0,0,0,0,1,0,0,0,0,1,0,0,1,0,0,1,1,1,1,0,0,0,0,0,1,1,1,1,0,0
Alasdair Sworder,1,1,0,1,1,0,1,0,1,0,1,1,0,0,0,1,1,0,1,0,0,1,0,0,0,1,1,1,0,1,1,0,0,1,1,1,1
Sargent Nuzzti,1,1,0,1,0,1,1,1,0,0,1,1,1,0,0,1,1,0,1,1,0,0,1,1,0,0,0,0,0,1,1,1,1,1,0,1,1
Jesse Laverenz,1,1,0,1,1,0,0,0,0,1,0,0,0,1,1,1,1,0,0,1,1,1,1,0,1,0,1,1,1,0,1,0,1,1,0,0,1
Laryssa Heugh,0,1,1,0,1,1,1,1,0,1,1,1,1,1,1,0,1,0,0,0,0,0,1,0,1,1,1,0,0,0,1,0,0,0,0,0,0
Jobina Capponer,1,0,1,1,1,1,1,1,0,1,0,1,0,1,1,1,1,1,1,0,1,1,1,0,1,1,0,0,0,1,1,0,0,0,0,1,0
Andris Sanham,1,1,0,0,0,1,1,1,0,1,1,0,0,0,1,0,0,1,1,1,1,0,0,0,0,0,0,0,0,0,0,1,0,0,1,0,1
Kathleen Phippin,0,1,0,0,1,0,0,0,1,1,0,0,1,0,1,0,0,0,1,0,1,0,0,0,1,1,0,1,1,1,1,1,1,0,1,1,0
Cherida Strete,1,0,0,0,0,0,1,1,0,0,0,0,0,0,0,1,0,1,0,0,0,0,1,0,0,0,0,1,1,0,1,0,0,1,0,0,0
Cornelle Canet,0,1,0,0,1,1,0,0,1,0,1,0,0,0,0,1,1,1,0,0,0,0,0,0,1,1,0,0,1,0,1,0,0,0,1,0,0
Roselin Probbing,0,1,1,1,0,0,1,1,1,0,1,1,0,0,1,0,0,1,1,1,0,1,0,1,0,1,0,1,0,1,1,1,1,0,1,0,1
Rey Fealy,1,1,1,1,1,1,0,0,1,0,0,0,0,1,0,1,1,1,1,1,1,1,0,1,0,0,1,1,1,0,1,0,0,0,0,0,0
Clem McKnish,0,1,1,0,1,0,1,0,1,0,0,1,1,1,1,0,1,0,0,0,1,0,0,0,1,0,0,1,1,0,0,1,1,0,1,1,0
Winnah Blades,0,0,0,1,0,0,0,0,0,1,1,0,1,0,0,0,0,0,0,0,0,1,0,0,0,1,1,0,0,0,0,0,1,0,1,1,1
Randi Comello,1,1,0,1,1,0,0,0,0,1,0,1,0,1,1,0,1,1,1,1,1,1,0,0,0,0,1,0,1,0,1,0,1,1,1,1,1
Trey Blose,1,1,0,0,1,0,1,0,1,0,1,0,0,0,1,1,1,1,0,1,1,1,0,1,0,0,0,0,0,1,1,1,1,1,1,0,1
Doretta Muddicliffe,1,1,1,1,1,0,0,1,0,1,1,0,1,0,1,1,0,0,0,0,1,1,0,1,0,0,0,0,0,0,0,1,1,1,0,0,1
Jameson Slixby,0,0,0,0,0,1,0,0,0,0,0,0,0,1,1,1,0,0,0,1,0,1,1,0,0,0,1,1,0,0,0,1,1,1,0,1,1
Truda Hammerson,1,0,0,1,0,1,0,0,1,0,1,0,0,1,0,0,0,1,1,0,0,1,0,0,0,0,1,1,1,0,1,1,0,1,1,1,0
Shayne Waplington,1,0,0,1,0,1,1,1,0,1,0,0,0,1,1,0,0,0,1,1,0,0,1,1,1,1,0,0,0,0,1,0,1,1,1,1,1
Leia Fusedale,1,1,0,1,1,1,0,0,0,0,1,1,0,0,1,1,0,0,0,1,0,0,0,1,0,0,0,0,1,0,1,0,0,0,1,1,1
Nina Cunnell,0,1,1,0,0,1,1,0,0,1,0,1,1,0,1,0,0,0,1,0,0,0,0,1,0,1,0,0,1,1,0,0,1,0,1,1,1
Marena Moxom,1,1,1,1,1,0,0,0,1,0,1,1,1,0,1,1,1,0,0,1,0,1,1,1,0,0,1,1,0,1,1,0,0,1,1,1,0
Gottfried Theuff,0,0,0,1,0,0,1,0,1,1,1,0,0,1,0,0,1,1,0,0,1,0,1,0,1,1,1,1,0,0,1,1,1,0,1,1,1
Jordain Taveriner,1,0,0,1,1,1,0,0,1,0,1,1,0,1,1,0,0,1,1,0,0,0,1,1,1,1,0,1,0,1,0,1,1,0,0,0,0
Tami Pele,0,1,0,0,0,1,1,0,0,1,0,0,0,1,1,0,0,0,0,0,0,0,0,1,0,1,0,1,0,1,0,0,0,0,1,0,1
Fredi Steggals,1,1,0,1,0,1,1,0,1,1,0,0,0,0,1,1,0,1,0,0,0,0,0,1,0,0,1,0,1,0,0,1,1,0,1,0,1
Cymbre Gwilym,0,1,0,1,1,1,1,0,1,0,0,1,0,1,0,0,1,1,1,0,0,0,1,0,1,1,0,1,0,0,0,0,0,1,1,0,1
Gray Mackrell,0,1,0,1,0,1,0,0,0,0,0,0,1,0,0,1,0,0,1,0,1,1,0,1,1,0,0,1,1,0,0,1,0,1,0,1,1
Pattie Fairy,1,0,1,1,1,1,1,0,0,0,1,0,0,1,0,0,0,1,1,0,0,0,1,1,0,0,1,0,0,0,1,0,0,0,0,0,1
Charleen Mungham,0,1,1,0,1,1,0,0,1,0,0,1,0,0,0,0,0,1,1,0,1,1,1,1,0,0,1,0,0,0,0,0,1,1,1,1,1
Bondy Wiskar,0,1,0,1,1,0,0,1,1,0,0,0,1,0,1,1,1,1,0,1,1,1,1,1,1,1,0,0,1,0,1,0,0,1,0,1,0
Murielle Handasyde,1,1,1,1,0,0,1,0,0,0,1,1,1,0,1,1,1,1,0,1,0,0,0,0,0,0,1,0,0,0,1,1,1,1,0,1,0
Case Fattorini,1,0,0,0,1,0,1,1,1,0,0,1,1,1,1,0,1,0,1,1,1,1,1,1,0,0,0,1,1,0,0,1,1,1,1,1,0
Penelope Whifen,0,1,1,0,0,1,1,1,1,1,1,1,1,1,1,0,0,1,0,0,1,0,0,1,0,1,0,1,0,0,0,0,1,0,0,1,1
Pearce Cavet,0,1,1,1,1,1,0,0,0,0,0,1,0,1,0,0,1,0,0,1,0,1,0,1,0,1,1,1,0,1,0,0,1,0,0,0,1
Lilllie Haly,1,1,1,1,1,0,1,1,0,0,1,0,1,0,0,1,1,0,0,0,1,1,0,0,1,1,0,0,1,1,1,0,0,0,0,0,1
Cordula Sawden,0,0,1,0,0,1,1,0,1,0,1,1,0,1,0,1,1,0,0,0,1,1,0,0,0,1,0,0,1,1,0,0,0,0,1,1,0
Rowland Grisard,1,0,0,0,0,0,1,0,1,0,1,1,1,1,0,1,0,0,0,1,1,0,0,1,0,0,1,1,0,0,0,1,1,0,1,1,0
Flem Breakey,0,0,0,0,1,1,0,1,0,0,1,0,1,1,0,0,0,0,0,1,1,0,1,1,1,0,1,0,0,0,1,0,1,0,0,0,0
Raymond Rebichon,1,0,0,1,0,0,1,1,1,1,1,0,0,1,0,1,1,1,1,1,0,0,1,0,1,1,1,1,0,0,0,0,0,1,1,1,0
Netta Turfus,0,1,1,1,1,1,0,0,1,0,1,1,0,1,0,0,1,0,0,0,0,1,1,0,0,0,0,0,1,0,0,0,1,0,0,0,0
Perkin Ochiltree,0,0,0,1,1,1,1,0,1,0,0,1,1,0,1,0,1,1,0,1,0,0,0,0,0,1,0,0,1,1,1,0,0,0,0,1,0
Sebastiano Crutchfield,1,0,0,0,1,0,0,0,1,0,1,1,0,1,0,0,0,1,1,0,0,0,0,1,1,1,1,0,0,1,1,0,1,0,1,1,1
April Penk,1,1,1,1,0,1,0,1,0,1,0,0,1,1,1,1,1,1,0,1,1,0,1,0,1,1,0,0,1,0,1,1,0,0,0,1,1
Brody Mannooch,0,1,1,0,0,1,1,1,0,0,0,1,0,1,0,0,0,0,1,0,1,1,1,0,1,1,0,0,0,0,1,0,1,0,1,0,1
Burg Soffe,1,0,0,0,0,1,1,0,0,1,1,0,1,0,0,1,1,0,0,1,0,0,0,0,0,0,1,0,1,1,0,1,0,0,0,1,0
Jayne Hailes,0,0,0,0,1,1,0,1,1,1,1,1,1,1,0,0,1,1,0,0,1,0,1,0,0,1,1,0,1,1,1,0,1,0,1,1,0
Brianne Palk,1,0,0,0,1,0,0,1,0,1,1,0,1,1,0,1,1,0,0,0,0,0,0,1,0,1,1,1,0,1,1,1,0,1,1,0,0
Justino Hullock,1,1,1,1,1,1,1,1,0,1,1,1,0,0,1,0,1,0,0,1,1,1,1,1,1,1,0,1,0,0,0,0,1,0,0,1,0
Lovell Klesl,0,0,1,1,0,1,0,0,0,1,0,0,0,0,0,1,1,1,1,0,0,1,1,0,0,1,0,1,0,1,0,1,1,1,0,1,0
Nanette Martinho,1,1,1,0,1,0,0,1,1,0,1,1,1,0,0,0,0,0,0,0,0,0,0,1,1,0,0,1,1,0,0,0,1,0,1,1,1
Kalvin Wheildon,0,1,1,1,0,0,0,1,0,1,0,1,1,1,0,0,1,1,0,0,0,0,1,1,0,1,0,0,1,1,1,1,0,0,1,0,1
Sabra MacKean,0,0,0,1,1,0,0,0,0,0,1,0,0,0,1,0,1,1,0,0,0,0,1,0,1,0,1,1,1,0,1,1,1,0,0,1,0
Morley Honeyghan,0,1,1,1,1,0,0,0,0,1,0,0,0,0,0,1,0,0,0,1,1,1,1,1,0,1,0,1,1,1,1,1,0,1,1,0,0
Maribelle Boreham,1,1,0,0,0,1,1,0,0,0,1,0,1,0,1,0,0,0,1,1,1,1,0,0,1,1,1,0,0,0,1,0,1,1,1,1,1
Marna Naul,1,0,0,0,1,0,1,0,0,0,0,0,0,1,1,1,0,1,1,1,1,0,1,1,1,0,0,1,1,0,1,1,0,1,0,1,0
Roger Marples,0,0,1,1,1,0,0,0,1,1,1,1,1,1,1,1,1,1,0,0,1,1,1,0,0,0,0,1,1,0,0,1,0,1,0,1,0
Humfrey Hurrell,1,1,1,0,1,0,0,0,1,0,1,0,1,1,0,1,0,0,1,0,1,0,0,1,1,0,1,1,0,1,1,1,1,1,1,0,0
Leesa Dreossi,1,1,0,0,0,1,1,1,0,0,0,0,1,1,0,1,0,0,1,0,1,1,0,1,1,0,1,0,1,1,0,1,1,1,1,1,0
Ashley Habbin,0,0,1,1,1,1,1,1,1,1,0,1,0,1,1,1,0,0,1,0,1,0,1,0,1,1,1,1,1,0,0,1,0,1,0,1,0
Patsy Ogelbe,0,0,1,0,1,0,0,1,1,0,1,0,0,0,0,1,1,1,0,0,1,1,1,0,0,1,0,0,1,0,1,1,1,0,1,1,0
Alice Mapston,0,0,0,1,0,1,0,0,0,0,0,0,0,0,1,0,1,1,0,0,1,0,0,1,0,0,0,0,0,1,1,0,1,0,0,1,0
Horatia Stern,0,0,1,1,1,0,1,1,0,0,0,1,1,1,1,1,1,0,0,0,0,1,1,0,1,1,0,0,1,1,1,0,0,0,1,1,0
Sebastian McKinney,0,0,1,0,1,0,1,1,1,1,1,1,1,0,1,0,1,0,0,1,0,0,0,1,1,0,0,1,1,0,0,1,0,1,1,0,0
Luciana Blakebrough,1,0,1,1,1,0,1,1,0,1,0,1,0,1,0,1,1,1,1,1,1,1,0,1,0,1,0,0,1,0,1,1,1,0,0,1,0
Inger Westraw,0,1,0,1,0,1,0,0,0,1,0,0,0,0,0,1,1,0,0,1,1,0,1,0,0,1,1,1,1,0,1,0,0,1,0,1,1
Shurlock Decroix,0,1,0,1,0,1,0,1,1,0,1,1,0,0,1,1,0,1,1,0,1,0,0,0,0,1,1,1,0,1,1,1,0,0,1,1,0
Doralynne Mitchiner,0,1,1,0,0,0,1,1,1,1,0,0,1,0,0,1,1,0,1,0,1,0,1,0,0,1,1,0,0,1,1,1,0,0,0,0,1
Douglas Dorber,1,1,1,0,0,1,1,0,1,1,0,1,0,0,1,1,0,0,1,1,0,0,1,1,1,1,1,1,0,1,1,0,1,0,1,1,0
Laird Jacmar,1,0,1,0,0,0,1,0,0,0,0,0,0,0,1,1,0,0,0,1,0,1,1,1,0,1,1,0,0,0,1,0,0,1,0,1,0
Aubrey Plante,0,1,0,0,1,0,1,0,0,0,1,0,0,1,0,1,0,0,0,0,0,0,0,1,0,1,1,0,0,0,1,1,1,0,0,1,0
Derry Kuhnert,1,0,1,1,1,0,1,0,0,0,0,1,1,0,0,1,1,0,0,1,1,0,0,1,0,1,1,1,1,0,0,0,1,1,1,1,1
Tricia Muirden,1,0,1,0,1,1,0,1,0,1,0,0,0,0,0,0,0,1,0,1,0,1,1,1,1,0,0,0,0,0,1,1,0,0,0,0,1
Courtney Bangham,0,1,0,1,0,0,1,0,0,0,0,0,1,0,1,0,0,0,0,1,1,1,0,0,0,1,1,0,0,0,1,1,1,1,0,0,1
Brander Cathee,0,1,1,0,0,0,0,0,0,0,1,1,0,1,1,1,0,0,1,1,1,1,0,0,1,0,0,0,0,0,1,0,1,0,1,1,0
Ellynn Portigall,1,0,0,1,1,0,1,0,0,1,0,1,0,1,1,1,1,0,1,0,0,1,1,1,1,0,0,0,0,0,0,1,0,1,0,1,1
Dill Izkovitz,0,1,1,1,1,0,1,1,1,1,0,1,1,1,1,0,1,0,1,1,0,1,1,0,1,1,0,0,1,0,1,0,0,0,1,0,0
Patty D'Alwis,1,0,0,1,1,0,1,0,0,0,1,1,0,0,1,0,0,0,1,1,1,0,1,0,1,0,0,1,1,0,0,1,1,1,1,1,0
Janeen Van der Beken,1,1,0,0,0,0,0,0,0,1,0,1,1,0,1,1,1,1,0,0,0,1,1,0,0,1,1,1,0,0,1,1,1,1,1,0,1
Derby Pimlett,1,0,1,1,0,1,1,0,0,0,0,0,1,1,1,0,1,1,1,0,0,1,1,1,0,1,1,0,1,0,1,1,1,0,0,1,1
Carmine Bogace,1,0,1,1,0,1,1,0,1,1,0,1,0,0,0,1,0,0,0,0,1,1,0,0,1,1,1,0,0,0,1,1,1,1,0,1,0
Beltran Hugnot,0,0,1,0,0,0,0,0,1,0,0,0,1,0,1,1,1,1,1,1,0,1,1,1,1,1,0,1,1,1,0,0,0,1,1,0,0
Ange Duckhouse,0,1,0,1,0,0,1,0,1,1,1,0,1,0,0,0,0,1,1,0,0,1,0,1,1,1,0,1,0,1,0,0,1,1,1,1,0
Roxy Jerrans,0,0,0,0,0,1,1,1,1,0,1,0,1,1,1,1,0,0,0,1,1,0,1,1,0,1,0,1,1,0,0,0,0,1,0,0,1
Bentlee Grima,1,1,1,0,1,0,1,1,1,0,0,1,1,0,0,1,0,0,1,1,0,1,0,0,1,1,1,1,1,1,0,1,1,0,0,1,1
Freddi Marwick,1,1,0,0,0,1,1,0,1,0,1,1,1,0,0,1,0,1,0,1,0,0,0,0,0,1,1,0,0,1,0,0,0,0,0,0,0
Wilie Seear,0,0,1,0,0,1,0,0,1,1,0,1,0,0,1,0,1,0,0,0,1,1,0,1,0,0,0,1,0,1,1,0,1,0,0,1,1
Sheryl Carluccio,0,0,1,1,0,1,1,0,0,1,0,1,1,1,0,0,1,0,0,1,0,0,1,0,1,1,1,1,1,1,0,1,0,1,0,1,1
Erica Semaine,1,1,1,1,1,1,1,0,1,1,1,1,0,0,1,1,0,0,0,0,0,1,0,0,1,0,1,1,1,0,1,0,1,0,1,1,1
Barry Paulo,0,0,1,1,0,1,1,0,0,1,1,1,1,1,0,0,0,1,0,0,0,1,0,1,0,0,1,0,1,1,0,1,1,1,0,0,1
Walsh Scoggans,1,1,1,0,0,0,1,1,0,0,0,1,1,1,0,0,1,1,0,0,1,0,1,1,0,1,1,0,0,0,1,1,1,1,1,1,0
Dore Dallinder,0,1,1,1,0,1,1,1,0,0,1,0,0,1,1,1,1,0,0,0,0,0,1,0,1,0,0,0,0,0,0,1,1,0,0,0,1
Selinda Suter,1,1,1,0,0,0,1,0,1,1,1,0,0,0,0,0,1,0,1,1,1,0,0,0,0,0,0,0,0,1,1,0,0,0,1,1,1
Rabbi Nossent,0,0,0,0,1,1,0,0,1,0,1,1,0,0,0,1,0,0,1,1,0,1,1,0,1,1,1,1,1,1,1,0,0,0,1,1,0
Rosie Denny,1,0,1,1,1,0,1,1,0,1,0,1,1,1,1,0,0,1,0,0,1,0,0,1,0,1,1,1,1,0,0,0,0,1,1,0,1
Natalina Blenkharn,1,0,1,1,1,1,0,1,0,1,1,0,1,0,1,1,1,1,1,0,1,0,1,0,0,1,0,1,0,1,0,0,1,1,1,1,1
Alissa Oakden,0,1,1,0,1,1,1,1,1,1,0,0,0,0,1,1,0,0,0,1,1,1,0,1,1,1,0,1,0,0,0,0,0,1,0,0,1
Nerti Ierland,0,1,1,0,1,1,1,0,1,0,1,0,0,0,1,1,0,0,0,0,1,1,1,1,0,1,0,0,0,1,1,0,1,1,0,1,1
Dulcie Henker,0,0,0,0,0,0,1,0,0,1,0,0,1,0,0,0,1,0,1,0,0,1,1,0,1,0,1,1,1,0,0,1,1,1,0,1,0
Rees De la Yglesias,1,1,0,1,0,0,0,1,1,1,1,0,1,1,1,0,0,0,0,0,1,0,0,0,1,1,1,0,0,1,1,1,1,1,1,0,0
Calla Froud,0,1,0,1,0,0,1,1,0,0,0,1,0,0,1,1,1,1,1,1,1,1,1,0,0,1,0,1,1,1,0,1,1,0,0,0,0
Thorn Ingall,0,0,1,1,1,0,0,1,1,1,1,0,1,1,1,1,1,1,0,0,0,1,0,1,1,0,1,0,0,1,0,0,0,1,0,0,1
Claire Busfield,0,1,0,1,1,0,0,0,1,1,1,1,1,1,1,0,0,0,0,1,1,0,0,1,1,0,1,0,1,0,0,0,1,1,0,1,1
Kassey Pottiphar,1,0,0,1,1,0,0,1,1,0,0,1,0,0,0,0,1,1,0,1,0,1,1,0,0,0,1,1,0,0,1,1,1,0,1,1,1
Tommi Dunsmore,1,0,0,1,0,1,1,0,0,0,1,0,0,1,0,1,1,1,0,1,1,0,0,1,1,1,1,1,0,1,1,1,1,0,0,0,1
Etan Sappson,0,0,1,0,0,0,1,1,0,0,0,0,1,1,0,0,1,0,1,1,1,1,1,1,1,1,1,0,0,1,0,0,1,1,1,1,0
Lira Thornley,1,1,1,0,1,0,0,0,1,0,0,1,0,1,0,1,0,0,0,1,1,0,1,1,1,1,0,0,0,0,1,1,0,1,0,0,1
Reinaldos Rivitt,0,1,1,1,0,1,0,1,0,0,0,0,0,1,0,1,1,1,1,0,0,1,1,1,1,0,0,0,1,1,0,1,1,0,1,0,0
Eugenius Stevenson,0,0,1,0,0,0,1,1,0,1,1,0,0,0,0,0,1,0,0,0,0,0,1,0,0,1,0,0,1,0,1,1,0,1,1,0,0
Aleta Dawe,1,0,0,0,1,0,0,1,1,1,0,0,0,0,0,0,1,1,1,1,0,1,1,1,1,0,1,1,0,0,1,0,0,1,1,0,0
Bert Piccard,1,1,0,0,0,1,1,0,1,0,0,1,1,1,1,0,1,0,0,1,1,0,1,1,0,0,1,1,1,1,1,0,1,1,0,0,1
Augustine Gehring,0,0,1,0,0,0,0,0,0,1,0,1,0,1,0,1,0,1,1,1,1,1,0,0,0,1,1,1,0,1,1,1,0,1,1,0,1
